# Timestep,0,1,2,3,4,5,6,7,8,9
1,0.0,0.0,0.0,0.0,0.0,0.0,0.0,0.0,0.0,0.0
2,0.0,0.33915257453918457,0.5374367833137512,0.0,0.0,0.0012598840985447168,0.0,0.0,0.0,0.0
3,0.0,0.3226117491722107,0.510564923286438,0.0,0.0,0.0011968899052590132,0.0,0.0,0.0,0.0
4,0.0,0.30648115277290344,0.4850366711616516,0.0,0.0,0.001137045444920659,0.0,0.0,0.0,0.0003429948992561549
5,0.0,0.2911570966243744,0.46078482270240784,0.0,0.0,0.0010801932075992227,0.0,0.0,0.0,0.00032584514701738954
6,0.0,0.2765992283821106,0.4377455711364746,0.0,0.0,0.0010261834831908345,0.0,0.0,0.0,0.0003095528809353709
7,0.0,0.26276925206184387,0.41585829854011536,0.0,0.0,0.0009748743032105267,0.0,0.0,0.0,0.0002940752310678363
8,0.0,0.24963077902793884,0.3950653672218323,0.0,0.0,0.000926130567677319,0.0,0.0,0.0,0.0002793714520521462
9,0.0,0.23714923858642578,0.37531208992004395,0.0,0.0,0.0008798240451142192,0.0,0.0,0.0,0.00026540286489762366
10,0.0,0.22529177367687225,0.3565464913845062,0.0,0.0,0.0008358328486792743,5.637805777780613e-10,0.0005747171235270798,0.04357105866074562,0.11532635241746902
11,0.0,0.21402718126773834,0.3387192189693451,0.0,0.0,0.0007940412033349276,0.011289214715361595,0.041745226830244064,0.7291601300239563,1.5624150037765503
12,0.0,0.20487162470817566,0.3218454420566559,0.0003993379941675812,0.0,0.0007543391548097134,0.025934023782610893,0.0664111077785492,0.8720703125,1.7258217334747314
13,0.0,0.19466689229011536,0.3057531714439392,0.0003793710784520954,0.0,0.0007166221621446311,0.026864416897296906,0.06309054791927338,0.8846664428710938,1.6768229007720947
14,0.0,0.18493354320526123,0.29046550393104553,0.0003604025114327669,0.0,0.0006807910394854844,0.028063269332051277,0.05993602052330971,0.8404331207275391,1.5929816961288452
15,0.0,0.17568686604499817,0.27594223618507385,0.0003423823800403625,0.0,0.0006467514904215932,0.03023328259587288,0.05693921819329262,0.7984114289283752,1.5133326053619385
16,0.0,0.16690252721309662,0.26214513182640076,0.0003252632450312376,0.0,0.007012536283582449,0.25158241391181946,0.14349284768104553,0.8070840239524841,1.4376659393310547
17,0.0,0.1596214771270752,0.24903787672519684,0.0003090000827796757,0.0,0.00666190916672349,0.2390032857656479,0.13631820678710938,0.7667298316955566,1.365782618522644
18,0.0,0.17015668749809265,0.23658877611160278,0.000293550081551075,0.0,0.00632881373167038,0.22705312073230743,0.1295022964477539,0.7283933162689209,1.2974934577941895
19,0.0,1.09645676612854,0.3409253656864166,0.0002788725832942873,0.0,0.006012373603880405,0.2435891181230545,0.16376984119415283,0.8659651279449463,1.2406913042068481
20,0.0,2.7441134452819824,1.03410005569458,0.0006861387519165874,0.001482060644775629,0.009399978443980217,0.33623194694519043,0.45239168405532837,1.0546973943710327,1.1817129850387573
21,0.0,3.4560048580169678,2.0083837509155273,0.015720242634415627,0.020845193415880203,0.20869489014148712,0.7315692901611328,0.6424410343170166,1.2228803634643555,1.2117432355880737
22,0.0,3.3046953678131104,1.9242897033691406,0.015471835620701313,0.021471861749887466,0.19835807383060455,0.6949908137321472,0.6103189587593079,1.1617363691329956,1.152536392211914
23,0.0,3.141666889190674,1.8280762434005737,0.014698243699967861,0.020398268476128578,0.18844017386436462,0.6602412462234497,0.5798029899597168,1.1036494970321655,1.0949095487594604
24,0.0,3.0511229038238525,1.79127836227417,0.014785354025661945,0.021872851997613907,0.1885356605052948,0.6272291541099548,0.550812840461731,1.0605924129486084,1.0579595565795898
25,0.0,2.973763942718506,1.7493538856506348,0.01457265391945839,0.0224232729524374,0.1793569177389145,0.5958676934242249,0.5232722163200378,1.0077567100524902,1.00639009475708
26,0.0,3.490084409713745,2.571345329284668,0.04657081514596939,0.03155176714062691,0.44123274087905884,0.7885147929191589,0.5518686771392822,0.9681675434112549,0.9562093019485474
27,0.0,5.758577823638916,11.555112838745117,0.20533627271652222,0.029974177479743958,1.0510590076446533,0.7490890622138977,0.5242752432823181,0.9236012697219849,0.9236090183258057
28,0.0,5.470648765563965,10.977356910705566,0.19506946206092834,0.02847546897828579,0.9985060691833496,0.7116611003875732,0.49806147813796997,0.8774212002754211,0.8792855143547058
29,0.0,5.197116374969482,10.428488731384277,0.18531598150730133,0.027051694691181183,0.9485807418823242,0.8680415749549866,0.4731583893299103,0.9812824726104736,0.8353212475776672
30,0.0,5.806832313537598,10.203649520874023,0.17605018615722656,0.025699108839035034,0.901151716709137,0.8246394991874695,0.4495004713535309,0.9322183132171631,0.7935552000999451
31,0.0,7.633816719055176,12.813106536865234,0.1847001314163208,0.05337099730968475,0.8989977240562439,0.8471294045448303,0.4474358558654785,0.8856073617935181,0.7970181107521057
32,0.0,8.929413795471191,18.133996963500977,0.35045039653778076,0.20314744114875793,1.896225929260254,2.097874641418457,0.9259546995162964,0.8581132292747498,0.9970667958259583
33,0.0,9.215888977050781,23.23086929321289,0.6275967359542847,0.3384706377983093,3.862435817718506,7.106103420257568,2.445469856262207,1.1810835599899292,3.292947292327881
34,0.0,9.091768264770508,25.56656265258789,0.7860239148139954,0.4163762927055359,4.4404072761535645,10.078124046325684,3.7450146675109863,1.9075454473495483,5.29661750793457
35,0.0,8.704057693481445,24.745574951171875,0.7805270552635193,0.41495680809020996,4.286055088043213,10.502962112426758,4.306821346282959,2.6889572143554688,7.384647369384766
36,0.0,8.281078338623047,23.646800994873047,0.7419381737709045,0.3946332335472107,4.077950477600098,11.460902214050293,5.457371234893799,4.400926113128662,11.373045921325684
37,0.0,8.281204223632812,24.1059513092041,0.781340479850769,0.3957307040691376,4.390628814697266,12.696218490600586,6.4052414894104,7.130776882171631,16.7278995513916
38,0.0,7.880548477172852,22.942710876464844,0.7425795197486877,0.3759441673755646,4.171097278594971,12.062981605529785,6.1138739585876465,6.834896564483643,16.299762725830078
39,0.0,7.486520767211914,21.795574188232422,0.7054505348205566,0.3571469485759735,3.9625422954559326,11.468639373779297,5.8111724853515625,6.498814105987549,15.66628646850586
40,0.0,7.112194538116455,20.705795288085938,0.6701779961585999,0.3392896056175232,3.7644150257110596,10.895207405090332,5.520613670349121,6.173873424530029,15.056612014770508
41,0.0,6.756584644317627,19.67050552368164,0.6366690993309021,0.32232511043548584,3.57619571685791,10.393698692321777,5.263720512390137,5.865281105041504,14.335732460021973
42,0.0,6.418755531311035,18.686979293823242,0.6048356294631958,0.30620884895324707,3.397387742996216,9.887962341308594,5.00922966003418,5.572089672088623,13.619465827941895
43,0.0,6.097817897796631,17.75263023376465,0.5745938420295715,0.2908984124660492,3.227524518966675,9.54432201385498,4.827733516693115,5.303764343261719,12.940308570861816
44,0.0,5.792926788330078,16.865028381347656,0.5458641648292542,0.27635347843170166,3.0661489963531494,9.093148231506348,4.592864513397217,5.043075084686279,12.297204971313477
45,0.0,5.503280162811279,16.022048950195312,0.5185709595680237,0.26253581047058105,2.912841558456421,8.704662322998047,4.3829193115234375,4.873335361480713,12.014373779296875
46,0.0,5.228116035461426,15.220946311950684,0.4926424026489258,0.249409019947052,2.7671995162963867,8.269429206848145,4.163773059844971,4.629668712615967,11.414008140563965
47,0.0,4.968935966491699,14.459898948669434,0.468010276556015,0.23693856596946716,2.6288399696350098,7.8781938552856445,3.967972755432129,4.398317337036133,10.843307495117188
48,0.0,4.7530059814453125,13.797211647033691,0.445360004901886,0.22509163618087769,2.497795581817627,7.666040897369385,3.81675124168396,4.193681240081787,10.301980972290039
49,0.0,4.6293745040893555,13.977272987365723,0.4777900278568268,0.21383705735206604,2.623392105102539,10.792911529541016,4.403312683105469,4.681744575500488,12.02591323852539
50,0.0,4.475057125091553,13.743117332458496,0.4569927155971527,0.20314520597457886,2.5875930786132812,11.110068321228027,4.534887313842773,5.150357246398926,12.270896911621094
51,0.0,4.256540298461914,13.056736946105957,0.43414306640625,0.19298794865608215,2.4582133293151855,10.5546293258667,4.30814266204834,6.813875198364258,13.178910255432129
52,0.0,4.08262825012207,12.480220794677734,0.4254664182662964,0.18775677680969238,2.4654884338378906,12.63272476196289,4.984612941741943,7.17725133895874,13.123106002807617
53,0.0,3.960979461669922,12.071107864379883,0.40419310331344604,0.17836894094944,2.406193494796753,13.28550910949707,6.324968338012695,9.246814727783203,14.53843879699707
54,0.0,3.866179943084717,12.119661331176758,0.38398343324661255,0.16945049166679382,2.4921398162841797,14.631048202514648,6.628105163574219,10.19615650177002,15.381385803222656
55,0.0,3.8066964149475098,12.328935623168945,0.3729380667209625,0.1621592491865158,2.9394922256469727,16.48702621459961,7.332479476928711,11.529160499572754,16.03561019897461
56,0.0,4.303979873657227,13.406708717346191,0.4109068214893341,0.16358520090579987,3.791215419769287,19.311382293701172,8.5906343460083,13.990553855895996,19.14917755126953
57,0.0,5.540655612945557,16.0827579498291,0.4904592037200928,0.18351995944976807,5.3572611808776855,23.519906997680664,10.245872497558594,16.030935287475586,20.779254913330078
58,0.0,7.271886348724365,19.901962280273438,0.5898107290267944,0.2364608645439148,6.598280906677246,25.856836318969727,11.11758041381836,17.650367736816406,22.360591888427734
59,0.0,9.94579029083252,26.383447647094727,0.6377484202384949,0.24550630152225494,6.649065971374512,24.72150993347168,10.746207237243652,19.225162506103516,22.955577850341797
60,0.0,9.874368667602539,26.474760055541992,0.6953466534614563,0.2705647051334381,7.169581413269043,26.93270492553711,11.545464515686035,19.589336395263672,22.199731826782227
61,0.0,9.612939834594727,26.25416374206543,0.7403759956359863,0.2964448034763336,7.365033149719238,27.297752380371094,11.67131233215332,19.239206314086914,21.225431442260742
62,0.0,9.132292747497559,25.779361724853516,0.7391901016235352,0.2816225588321686,6.996781349182129,26.754968643188477,11.647354125976562,18.989713668823242,20.228132247924805
63,0.0,8.675678253173828,24.50153923034668,0.7033194303512573,0.26754143834114075,6.646942138671875,25.732025146484375,11.085540771484375,18.432275772094727,19.29154396057129
64,0.0,8.262873649597168,23.34678077697754,0.6746474504470825,0.25484001636505127,6.3382697105407715,24.445423126220703,10.550527572631836,18.00304412841797,18.5020809173584
65,0.0,8.473638534545898,22.5830020904541,0.6422132849693298,0.24588927626609802,6.188070297241211,23.52996253967285,10.268804550170898,17.5423583984375,17.612382888793945
66,0.0,8.931478500366211,22.41639518737793,0.6121364831924438,0.2420962154865265,6.22361946105957,23.64978790283203,10.298624992370605,17.435073852539062,17.022523880004883
67,0.0,9.933246612548828,23.52448081970215,0.6231644153594971,0.24544604122638702,7.319453239440918,26.394481658935547,10.822628021240234,17.93253517150879,16.610843658447266
68,0.0,13.556400299072266,31.616275787353516,0.7593464851379395,0.34496328234672546,9.097551345825195,29.921133041381836,12.014017105102539,18.196941375732422,16.477676391601562
69,0.0,15.832110404968262,46.3718147277832,1.1536567211151123,0.525072455406189,16.138845443725586,43.51057052612305,14.724790573120117,19.20879364013672,16.33359718322754
70,0.0,17.712764739990234,55.851322174072266,1.379930853843689,0.6237958073616028,20.259950637817383,54.030120849609375,18.23567008972168,21.310813903808594,16.546091079711914
71,0.0,18.298484802246094,60.185943603515625,1.510939121246338,0.6452811360359192,22.040348052978516,60.12541961669922,22.024967193603516,24.893564224243164,16.83053207397461
72,0.0,18.150909423828125,61.191139221191406,1.537900447845459,0.6253629922866821,22.090415954589844,61.55004119873047,23.997940063476562,27.520727157592773,17.50594711303711
73,0.0,17.601083755493164,59.786827087402344,1.4988218545913696,0.5996191501617432,21.177215576171875,59.5389404296875,24.098033905029297,28.02008056640625,17.50020980834961
74,0.0,17.22310447692871,59.342952728271484,1.4857749938964844,0.577043890953064,20.6009521484375,58.319271087646484,24.251340866088867,28.50745391845703,17.668100357055664
75,0.0,17.408979415893555,59.949058532714844,1.4828732013702393,0.5481916666030884,20.159866333007812,58.120445251464844,25.215944290161133,28.883319854736328,16.94804573059082
76,0.0,17.82864761352539,62.229522705078125,1.5066776275634766,0.5207820534706116,19.869384765625,57.387664794921875,25.42081069946289,30.391504287719727,16.72358512878418
77,0.0,17.73117446899414,64.1422119140625,1.519755244255066,0.4947429299354553,20.138900756835938,59.37809753417969,26.416303634643555,32.79205322265625,16.945844650268555
78,0.0,17.732324600219727,65.48504638671875,1.526742935180664,0.4864071309566498,21.79996109008789,66.19697570800781,28.366352081298828,35.437625885009766,17.663633346557617
79,0.0,17.940628051757812,66.17245483398438,1.5205436944961548,0.4999491572380066,23.593643188476562,74.90601348876953,31.785499572753906,40.55946731567383,20.379173278808594
80,0.0,18.46245002746582,67.49047088623047,1.534293293952942,0.5215154886245728,25.737518310546875,82.86295318603516,35.56622314453125,45.945701599121094,24.135025024414062
81,0.0,18.836130142211914,68.1771469116211,1.544081211090088,0.5338684916496277,27.215410232543945,87.08959197998047,37.63779067993164,49.7712287902832,25.890499114990234
82,0.0,19.606565475463867,71.6279525756836,1.6084861755371094,0.5603746175765991,29.370391845703125,90.06609344482422,38.35792922973633,50.71983337402344,25.058198928833008
83,0.0,20.411001205444336,75.97108459472656,1.67188560962677,0.5666620135307312,31.364900588989258,93.10884857177734,39.611732482910156,54.27019119262695,25.563858032226562
84,0.0,21.608678817749023,82.31078338623047,1.728313684463501,0.5620186924934387,33.00373458862305,94.4128189086914,40.510746002197266,55.475059509277344,25.346776962280273
85,0.0,23.08010482788086,92.81205749511719,1.7854056358337402,0.5507745146751404,35.52354049682617,97.39270782470703,42.26343536376953,62.1885871887207,26.985645294189453
86,0.0,24.245513916015625,108.70594024658203,1.895195722579956,0.5308442115783691,40.282291412353516,104.62625885009766,43.34013748168945,69.89244079589844,32.108665466308594
87,0.0,25.273855209350586,124.17802429199219,1.9782721996307373,0.5097731351852417,43.134193420410156,110.29901885986328,44.32121658325195,77.42586517333984,37.97731018066406
88,0.0,27.123464584350586,156.7971649169922,2.0799663066864014,0.5078145265579224,47.64814376831055,117.8553237915039,46.9986572265625,85.76286315917969,46.18081283569336
89,0.0,26.31307029724121,159.2335662841797,2.024217128753662,0.48988470435142517,47.224544525146484,115.26728820800781,45.22941589355469,83.00017547607422,44.18681335449219
90,0.0,26.18681526184082,168.29931640625,2.0036935806274414,0.4843073785305023,48.73792266845703,115.97349548339844,44.782684326171875,80.61964416503906,42.70181655883789
91,0.0,25.785003662109375,173.8505401611328,1.9743762016296387,0.48337072134017944,49.68495178222656,114.62200164794922,44.8947868347168,80.07278442382812,44.20423126220703
92,0.0,26.492416381835938,188.30014038085938,1.9706770181655884,0.48804017901420593,49.83478927612305,110.82675170898438,44.57757568359375,79.79825592041016,46.692203521728516
93,0.0,25.493545532226562,182.13916015625,1.8785006999969482,0.4641667902469635,47.41913986206055,105.32817840576172,42.53998565673828,77.44055938720703,48.205989837646484
94,0.0,24.6756649017334,177.5716552734375,1.8059556484222412,0.4440493881702423,45.24567794799805,100.1466293334961,40.538936614990234,74.25473022460938,48.14544677734375
95,0.0,23.970050811767578,175.165771484375,1.7618650197982788,0.42965325713157654,43.40336608886719,96.08576202392578,39.273284912109375,72.50068664550781,49.561256408691406
96,0.0,23.244794845581055,174.0553436279297,1.7253978252410889,0.41827571392059326,41.7469367980957,91.73734283447266,37.75714111328125,70.29254913330078,48.71361541748047
97,0.0,22.47677230834961,174.20994567871094,1.68511164188385,0.4127506911754608,40.78657150268555,88.79808044433594,36.915313720703125,68.9176254272461,50.15250778198242
98,0.0,21.77133560180664,175.5237274169922,1.6027594804763794,0.40248918533325195,40.05138397216797,86.48334503173828,36.51082229614258,68.4822769165039,53.678585052490234
99,0.0,20.86577796936035,172.02798461914062,1.522621512413025,0.39189770817756653,39.08485794067383,83.41551971435547,36.167205810546875,67.65535736083984,57.51347732543945
100,0.0,19.96474266052246,167.3024139404297,1.4464904069900513,0.38701575994491577,38.43931579589844,81.27098083496094,36.854827880859375,67.58467102050781,64.11735534667969
101,0.0,19.077659606933594,161.19419860839844,1.375128149986267,0.3760856091976166,36.99201965332031,77.78831481933594,36.108558654785156,65.58855438232422,64.97826385498047
102,0.0,18.30213737487793,156.40614318847656,1.3126764297485352,0.37251999974250793,36.22098159790039,75.53657531738281,36.66755294799805,65.35643005371094,67.11833190917969
103,0.0,17.593111038208008,152.02410888671875,1.2528541088104248,0.3682840168476105,35.35060119628906,73.63653564453125,37.555294036865234,65.67601776123047,77.22808837890625
104,0.0,17.059335708618164,151.94378662109375,1.2018039226531982,0.37564584612846375,35.55673599243164,71.89786529541016,37.6079216003418,66.04103088378906,89.94198608398438
105,0.0,16.519020080566406,151.31629943847656,1.1524255275726318,0.37132295966148376,35.61427688598633,70.39537811279297,38.180057525634766,67.57308959960938,106.82756805419922
106,0.0,16.018220901489258,151.05010986328125,1.10763680934906,0.3665942847728729,35.93171691894531,70.3271484375,38.64590072631836,68.6629409790039,121.49462127685547
107,0.0,15.460694313049316,150.13156127929688,1.0657414197921753,0.3627434968948364,36.26664733886719,71.86860656738281,39.114418029785156,69.93500518798828,132.08572387695312
108,0.0,14.88273811340332,148.03433227539062,1.0229421854019165,0.35604652762413025,36.054805755615234,71.5159912109375,38.587162017822266,68.89852905273438,128.7077178955078
109,0.0,14.364326477050781,148.2790985107422,0.9936784505844116,0.349291056394577,35.90581512451172,70.52178955078125,37.265872955322266,67.39664459228516,123.2260513305664
110,0.0,13.77027702331543,146.758056640625,0.9762063026428223,0.3411228358745575,36.18230056762695,70.8658447265625,36.300872802734375,68.03853607177734,126.58529663085938
111,0.0,13.199824333190918,143.98672485351562,0.947644054889679,0.324066698551178,35.80659103393555,71.8843765258789,36.40839385986328,70.1021499633789,129.249267578125
112,0.0,12.860267639160156,146.94053649902344,0.9553742408752441,0.30786335468292236,37.63378143310547,79.970703125,37.23716735839844,72.26993560791016,126.61748504638672
113,0.0,12.582469940185547,152.2918701171875,1.0071485042572021,0.29247018694877625,41.251277923583984,93.12033081054688,39.24312973022461,76.71720886230469,132.22740173339844
114,0.0,12.247405052185059,160.01303100585938,1.1071174144744873,0.27784666419029236,46.71733856201172,115.4930419921875,43.21822738647461,85.92518615722656,140.62112426757812
115,0.0,11.994954109191895,172.92759704589844,1.2126686573028564,0.2639543414115906,53.82001876831055,154.5018310546875,54.2943000793457,109.5670166015625,164.7341766357422
116,0.0,11.842397689819336,185.9845428466797,1.3666292428970337,0.2507566213607788,63.13642883300781,210.6710968017578,70.14551544189453,133.70809936523438,230.00436401367188
117,0.0,11.583932876586914,195.87905883789062,1.4387006759643555,0.2382187843322754,68.70064544677734,231.49765014648438,73.91846466064453,142.4285888671875,236.624755859375
118,0.0,11.135459899902344,199.10260009765625,1.4396891593933105,0.22630783915519714,70.2083969116211,228.12892150878906,73.47017669677734,143.9498748779297,256.4526062011719
119,0.0,10.654406547546387,198.40951538085938,1.3970983028411865,0.2149924486875534,68.69585418701172,218.8361053466797,72.04769134521484,145.28411865234375,251.52174377441406
120,0.0,10.22126579284668,201.84783935546875,1.379854679107666,0.20424282550811768,69.13263702392578,212.90411376953125,72.42570495605469,150.19244384765625,259.1461181640625
121,0.0,9.797508239746094,207.230712890625,1.3640316724777222,0.19403068721294403,69.6629867553711,206.00454711914062,71.3976058959961,155.90003967285156,290.0216064453125
122,0.0,9.378864288330078,211.2700653076172,1.3458586931228638,0.18432915210723877,69.43425750732422,199.38479614257812,70.88662719726562,160.44935607910156,310.8907165527344
123,0.0,8.940170288085938,210.28099060058594,1.2973716259002686,0.17511269450187683,67.00543975830078,189.60169982910156,67.58879089355469,155.21685791015625,310.6000061035156
124,0.0,8.513486862182617,205.57350158691406,1.2480305433273315,0.16635705530643463,64.40122985839844,180.2966766357422,64.31033325195312,150.50352478027344,311.9629211425781
125,0.0,8.13855266571045,208.19422912597656,1.2270753383636475,0.15803919732570648,63.615604400634766,171.87770080566406,61.106815338134766,146.2998504638672,307.7896728515625
126,0.0,7.7942118644714355,208.5216827392578,1.1986113786697388,0.15013723075389862,61.92180633544922,164.4600830078125,58.11094665527344,144.87249755859375,302.198974609375
127,0.0,7.4550886154174805,207.13641357421875,1.167069673538208,0.14263036847114563,60.11552429199219,157.3738555908203,55.55420684814453,139.36219787597656,297.8594665527344
128,0.0,7.095146656036377,200.38656616210938,1.1237365007400513,0.13549885153770447,57.476051330566406,149.50918579101562,52.8671760559082,132.85862731933594,293.645263671875
129,0.0,6.754721164703369,194.62257385253906,1.0836479663848877,0.1287239044904709,55.36176300048828,142.22781372070312,50.74854278564453,128.35372924804688,307.6111145019531
130,0.0,6.435460090637207,195.48316955566406,1.0413652658462524,0.12228770554065704,53.292762756347656,135.11679077148438,48.211116790771484,123.21505737304688,312.87762451171875
131,0.0,6.113687038421631,186.92832946777344,0.9923867583274841,0.11617331951856613,50.74306106567383,130.148193359375,48.4715461730957,130.49244689941406,319.02056884765625
132,0.0,5.808002471923828,177.5819091796875,0.9427673816680908,0.1103646531701088,48.20590591430664,123.64112854003906,46.1220588684082,124.69242858886719,307.67535400390625
133,0.0,5.517602443695068,168.73760986328125,0.8957408666610718,0.10484641790390015,45.79621124267578,117.57618713378906,44.231327056884766,118.8651123046875,302.9967956542969
134,0.0,5.241722106933594,161.37918090820312,0.8509538173675537,0.09960409253835678,43.50640106201172,112.60315704345703,43.03960418701172,114.25733184814453,299.9136657714844
135,0.0,4.990350246429443,153.9398956298828,0.8084061145782471,0.09462388604879379,41.371578216552734,109.6324234008789,42.729732513427734,110.75945281982422,304.0709533691406
136,0.0,4.752120494842529,146.75180053710938,0.7681090831756592,0.08989269286394119,39.482139587402344,105.99179077148438,40.72759246826172,107.12361145019531,310.8168029785156
137,0.0,4.529036998748779,140.3865203857422,0.7569387555122375,0.08539805561304092,39.22039794921875,107.0257339477539,39.367916107177734,104.21219635009766,322.0204162597656
138,0.0,4.3348708152771,134.184814453125,0.7458024024963379,0.08112815022468567,38.65902328491211,108.8948974609375,39.1153564453125,102.0339584350586,341.5606994628906
139,0.0,4.148641109466553,128.44813537597656,0.7229054570198059,0.07707174122333527,38.01285171508789,112.20631408691406,39.903987884521484,99.96727752685547,358.5498046875
140,0.0,3.9659063816070557,123.0134048461914,0.6867601871490479,0.07321815192699432,37.12205505371094,113.37083435058594,41.564697265625,99.19019317626953,382.7292785644531
141,0.0,3.818221092224121,118.92843627929688,0.6524221897125244,0.06955724209547043,36.85786056518555,115.75281524658203,44.048973083496094,99.86640167236328,421.767333984375
142,0.0,3.6841065883636475,116.90850830078125,0.6198010444641113,0.06607937812805176,36.781612396240234,118.88682556152344,47.10458755493164,104.53595733642578,473.08807373046875
143,0.0,3.5396010875701904,115.67872619628906,0.5888109803199768,0.06277541071176529,36.981597900390625,122.45745086669922,50.008697509765625,111.94168853759766,525.7119140625
144,0.0,3.388395309448242,113.0429458618164,0.5593703985214233,0.059636637568473816,36.3372917175293,121.58696746826172,51.35011672973633,118.35920715332031,561.0557861328125
145,0.0,3.2453577518463135,110.60554504394531,0.5314018726348877,0.056654803454875946,35.44560623168945,118.02378845214844,51.264732360839844,121.43777465820312,576.3087158203125
146,0.0,3.1041717529296875,108.67700958251953,0.5048317909240723,0.05382206290960312,35.20345687866211,117.8288345336914,52.244300842285156,127.32412719726562,600.6741943359375
147,0.0,2.952760934829712,104.94690704345703,0.47959020733833313,0.051130957901477814,33.65641784667969,112.99071502685547,52.166107177734375,133.82237243652344,623.9658203125
148,0.0,2.815558910369873,102.28279113769531,0.4556106925010681,0.04857441037893295,32.45447540283203,108.76976013183594,51.60906982421875,139.40756225585938,635.5230712890625
149,0.0,2.679962396621704,98.53382873535156,0.43283015489578247,0.046145688742399216,30.960708618164062,103.40755462646484,49.734291076660156,138.07664489746094,624.3116455078125
150,0.0,2.545964241027832,94.17381286621094,0.41118863224983215,0.04383840411901474,29.4304141998291,98.33541107177734,48.30409240722656,138.43240356445312,615.6231689453125
151,0.0,2.422545909881592,92.07388305664062,0.39062920212745667,0.04164648428559303,28.11528968811035,93.73345947265625,47.529781341552734,141.0731658935547,617.3163452148438
152,0.0,2.310012102127075,89.64409637451172,0.37109774351119995,0.03956415876746178,26.94217300415039,90.22393035888672,48.77122497558594,150.700439453125,642.464599609375
153,0.0,2.212273359298706,87.5956802368164,0.35254284739494324,0.03758595138788223,25.784008026123047,86.17395782470703,47.623809814453125,149.1313018798828,642.0279541015625
154,0.0,2.103029727935791,87.48350524902344,0.3349156975746155,0.03570665419101715,25.03103256225586,83.11654663085938,46.49611282348633,147.13165283203125,640.0115966796875
155,0.0,2.012138605117798,87.8001937866211,0.3181699216365814,0.033921319991350174,24.768627166748047,82.23722839355469,46.46099853515625,149.32664489746094,640.4515380859375
156,0.0,1.9272677898406982,88.38021850585938,0.3022614121437073,0.03222525492310524,25.192096710205078,85.8951644897461,48.00891876220703,159.4818878173828,657.0105590820312
157,0.0,1.8352651596069336,86.97004699707031,0.2871483266353607,0.030613992363214493,25.56453514099121,90.36918640136719,49.404273986816406,168.08108520507812,680.7816162109375
158,0.0,1.7481447458267212,86.03748321533203,0.27279090881347656,0.029083292931318283,26.505510330200195,98.8082046508789,51.08826446533203,174.9408721923828,700.7329711914062
159,0.0,1.6668260097503662,85.30487823486328,0.2624555230140686,0.027629127725958824,28.791812896728516,113.49208068847656,53.637672424316406,181.3080291748047,715.9117431640625
160,0.0,1.5902706384658813,86.11869049072266,0.26196712255477905,0.026247670873999596,32.48607635498047,133.91734313964844,57.70615768432617,186.95957946777344,727.6704711914062
161,0.0,1.5176726579666138,88.51998901367188,0.2612515687942505,0.0249352864921093,36.531700134277344,155.39305114746094,63.80632400512695,195.44976806640625,767.2072143554688
162,0.0,1.4523942470550537,93.15235900878906,0.27333396673202515,0.02368852123618126,41.51062774658203,178.2001495361328,71.09786224365234,204.99874877929688,804.1198120117188
163,0.0,1.3894389867782593,98.9900894165039,0.284863144159317,0.02250409498810768,47.03462219238281,207.15771484375,81.78494262695312,219.368896484375,838.7935180664062
164,0.0,1.340246558189392,107.55178833007812,0.2997279465198517,0.021378889679908752,53.46861267089844,229.87274169921875,90.5790786743164,232.442138671875,865.6842041015625
165,0.0,1.3004246950149536,119.3442611694336,0.31522417068481445,0.020309945568442345,59.43035888671875,249.54698181152344,100.95833587646484,253.02734375,904.5792236328125
166,0.0,1.2671284675598145,138.1348419189453,0.3436180353164673,0.01929444819688797,68.69866180419922,271.7366027832031,109.57109069824219,273.42230224609375,935.4947509765625
167,0.0,1.237386703491211,159.26365661621094,0.36671996116638184,0.018329724669456482,76.34101867675781,290.70843505859375,118.85366821289062,301.9891357421875,977.264404296875
168,0.0,1.2120378017425537,185.01211547851562,0.372619092464447,0.017413238063454628,83.53048706054688,302.45794677734375,125.151123046875,332.93572998046875,999.0626220703125
169,0.0,1.1839954853057861,198.58705139160156,0.3719724118709564,0.016542576253414154,86.47142791748047,305.8959045410156,129.54217529296875,360.5788269042969,1081.6016845703125
170,0.0,1.1530876159667969,206.2488555908203,0.36083829402923584,0.015715446323156357,86.6343994140625,298.5152893066406,129.7965545654297,370.5718078613281,1122.3671875
171,0.0,1.115173578262329,209.32508850097656,0.3427963852882385,0.014929673634469509,85.29791259765625,286.80126953125,126.58180236816406,375.3999938964844,1107.6796875
172,0.0,1.0660409927368164,205.99386596679688,0.32565656304359436,0.01418318971991539,82.47582244873047,275.3764343261719,124.59832000732422,386.8538513183594,1115.7452392578125
173,0.0,1.0257229804992676,205.8828125,0.30937373638153076,0.013474030420184135,79.81199645996094,262.0186767578125,118.82866668701172,379.057373046875,1089.6356201171875
174,0.0,0.9958285093307495,211.7882537841797,0.2939050495624542,0.012800328433513641,79.1155776977539,250.28970336914062,114.08243560791016,373.6033935546875,1046.7269287109375
175,0.0,0.9570509195327759,212.66885375976562,0.27920979261398315,0.012160311453044415,77.74276733398438,238.71011352539062,109.64116668701172,371.9935302734375,1012.9356079101562
176,0.0,0.9185482859611511,211.1936492919922,0.2652493119239807,0.01155229564756155,76.05636596679688,227.6688690185547,105.58674621582031,375.86651611328125,990.549560546875
177,0.0,0.8806707262992859,213.613525390625,0.2519868314266205,0.010974681004881859,76.00007629394531,217.8091278076172,100.5632553100586,373.8913269042969,962.0588989257812
178,0.0,0.841486930847168,210.31642150878906,0.23938748240470886,0.010425946675240993,73.79918670654297,207.69837951660156,96.4350814819336,371.7859191894531,937.7227783203125
179,0.0,0.8031981587409973,205.49465942382812,0.22741810977458954,0.0099046491086483,71.7467041015625,199.24383544921875,93.36698150634766,372.6187744140625,921.9312744140625
180,0.0,0.7704123854637146,204.06033325195312,0.21604719758033752,0.00940941646695137,71.23319244384766,192.54318237304688,90.75201416015625,374.4133605957031,906.4682006835938
181,0.0,0.7442148327827454,203.7726593017578,0.20524483919143677,0.008938945829868317,70.11076354980469,184.72340393066406,87.37202453613281,369.3564758300781,882.072021484375
182,0.0,0.7129107117652893,200.09307861328125,0.1949825882911682,0.0084919985383749,68.19269561767578,177.4534912109375,84.49742126464844,364.3701171875,864.802001953125
183,0.0,0.6781193614006042,193.8592987060547,0.1852334588766098,0.008067398332059383,65.9573745727539,171.67333984375,83.4089584350586,364.3896179199219,861.0745849609375
184,0.0,0.6469789743423462,189.62355041503906,0.17597179114818573,0.007664028089493513,65.07549285888672,167.24134826660156,80.37027740478516,358.331787109375,848.719482421875
185,0.0,0.6146300435066223,186.40345764160156,0.16717320680618286,0.007280826568603516,64.24907684326172,159.52760314941406,76.41822052001953,350.49053955078125,829.5352172851562
186,0.0,0.6129051446914673,187.67462158203125,0.15881454944610596,0.006916785147041082,64.58606719970703,158.15562438964844,76.93501281738281,350.033447265625,815.8032836914062
187,0.0,0.592071533203125,182.45960998535156,0.1508738249540329,0.006570945959538221,63.39915466308594,158.39877319335938,76.93103790283203,351.4254455566406,811.086669921875
188,0.0,0.5624679327011108,174.12606811523438,0.14333012700080872,0.006242398638278246,60.230960845947266,150.90467834472656,75.683349609375,360.9055480957031,813.9912109375
189,0.0,0.5345157384872437,165.9387664794922,0.1361636221408844,0.005930278450250626,57.26627731323242,143.3770294189453,71.89917755126953,342.8670654296875,776.5435791015625
190,0.0,0.5118663311004639,159.65643310546875,0.12935544550418854,0.005633764434605837,56.26817321777344,143.06600952148438,70.91117095947266,329.6444091796875,745.5292358398438
191,0.0,0.4876062870025635,153.45269775390625,0.12288767099380493,0.005352076143026352,54.63568878173828,142.18592834472656,69.93962860107422,317.88214111328125,738.3446655273438
192,0.0,0.46322596073150635,147.94046020507812,0.1167432889342308,0.005084472242742777,53.15308380126953,139.37353515625,67.10330963134766,304.8877258300781,721.9838256835938
193,0.0,0.4400646686553955,142.10342407226562,0.11090612411499023,0.004830248653888702,51.1035270690918,134.35470581054688,64.74140930175781,294.1661071777344,702.417724609375
194,0.0,0.41806143522262573,136.25796508789062,0.10536081343889236,0.004588736221194267,49.2025032043457,130.62417602539062,63.39937210083008,286.9456787109375,696.51416015625
195,0.0,0.39715835452079773,130.90521240234375,0.10009276866912842,0.0043592993170022964,48.15768814086914,130.5331268310547,63.927616119384766,286.34033203125,683.7192993164062
196,0.0,0.3773004412651062,130.20361328125,0.09508813172578812,0.004141334444284439,50.57360076904297,136.9290313720703,65.71841430664062,285.02020263671875,672.5667724609375
197,0.0,0.35843542218208313,124.99742126464844,0.0903337225317955,0.003934267442673445,48.992042541503906,132.58518981933594,64.89051055908203,279.0115661621094,657.4522094726562
198,0.0,0.3405136466026306,118.92391967773438,0.08581703901290894,0.0037375539541244507,46.673240661621094,126.83684539794922,63.425045013427734,271.3814392089844,636.0262451171875
199,0.0,0.32839858531951904,114.44219970703125,0.08152618259191513,0.0035506761632859707,45.28954315185547,122.77969360351562,63.305938720703125,266.82269287109375,612.414794921875
200,0.0,0.3180341124534607,109.31640625,0.07744987308979034,0.003373142331838608,43.37318420410156,118.43518829345703,63.17898941040039,262.8059387207031,593.1063842773438
201,0.0,0.30213239789009094,104.71342468261719,0.073577381670475,0.0032044851686805487,41.51935958862305,113.87716674804688,62.4326171875,257.21905517578125,570.76708984375
202,0.0,0.29028552770614624,99.90491485595703,0.06989850848913193,0.003044260898604989,39.64195251464844,108.99463653564453,60.93439865112305,250.83712768554688,548.0550537109375
203,0.0,0.28161492943763733,95.59676361083984,0.0664035826921463,0.0028920478653162718,38.12531661987305,106.01506805419922,61.29893112182617,250.18421936035156,531.5475463867188
204,0.0,0.26753416657447815,90.84117126464844,0.06308340281248093,0.0027474453672766685,36.219051361083984,100.73150634765625,58.46385955810547,244.5355987548828,511.5368347167969
205,0.0,0.25863876938819885,86.58840942382812,0.05992923304438591,0.002610072959214449,34.502010345458984,95.86234283447266,56.021270751953125,236.44076538085938,491.00225830078125
206,0.0,0.2676069140434265,85.30310821533203,0.05693276971578598,0.002479569287970662,36.21831512451172,98.02816009521484,53.47738265991211,225.93911743164062,468.5097961425781
207,0.0,0.2787446081638336,84.20018005371094,0.05408613011240959,0.002355590695515275,37.773460388183594,99.97195434570312,50.95368957519531,215.69435119628906,449.458251953125
208,0.0,0.27187198400497437,81.51671600341797,0.05138182267546654,0.002237811218947172,37.460079193115234,98.80184173583984,49.5397834777832,209.6089630126953,434.95977783203125
209,0.0,0.26478031277656555,78.5628890991211,0.048812732100486755,0.0021259207278490067,36.56789016723633,96.60633850097656,48.35824203491211,205.01087951660156,420.48052978515625
210,0.0,0.25154128670692444,74.87556457519531,0.04637209326028824,0.0020196246914565563,35.10600662231445,93.56187438964844,47.09718322753906,199.7158660888672,410.5062255859375
211,0.0,0.24970869719982147,73.42384338378906,0.04405348747968674,0.0019186434801667929,33.389007568359375,88.89161682128906,44.82023239135742,192.93971252441406,398.8359069824219
212,0.0,0.25352197885513306,73.142333984375,0.04185081273317337,0.0018227113177999854,32.216617584228516,84.45314025878906,42.59114074707031,185.6446990966797,389.7411804199219
213,0.0,0.2741777002811432,73.01834869384766,0.03975827246904373,0.0017315756995230913,31.26840591430664,84.3319091796875,43.73964309692383,180.8395233154297,379.4484558105469
214,0.0,0.2764928638935089,71.31793212890625,0.037770356982946396,0.001644996926188469,30.7417049407959,87.71298217773438,42.50252151489258,174.8701629638672,368.8611755371094
215,0.0,0.2695372700691223,68.62266540527344,0.03588183969259262,0.0015627470565959811,30.210020065307617,88.72454833984375,41.185951232910156,172.50201416015625,354.7449645996094
216,0.0,0.26345932483673096,67.06109619140625,0.03408774733543396,0.0014846096746623516,31.55447769165039,98.64425659179688,45.173362731933594,171.77090454101562,337.0077209472656
217,0.0,0.250286340713501,63.70804214477539,0.03238335996866226,0.001410379190929234,30.036073684692383,94.296630859375,42.914695739746094,163.18809509277344,328.10052490234375
218,0.0,0.2534356415271759,61.14859390258789,0.03076419234275818,0.0013398602604866028,28.587270736694336,89.60383605957031,40.768959045410156,155.5161895751953,333.1528625488281
219,0.0,0.2447143942117691,58.67400360107422,0.02922598272562027,0.001272867200896144,27.54938507080078,89.67071533203125,42.65208435058594,154.26890563964844,346.2213134765625
220,0.0,0.25387465953826904,57.20903015136719,0.027764683589339256,0.0012092238757759333,27.644014358520508,93.32125091552734,45.11819076538086,157.8173065185547,362.97186279296875
221,0.0,0.26878035068511963,57.9536247253418,0.026376448571681976,0.00114876264706254,28.950103759765625,95.29383850097656,45.50307846069336,165.55201721191406,362.5851745605469
222,0.0,0.27565890550613403,59.08440399169922,0.025057625025510788,0.0010913244914263487,30.86684226989746,91.3828125,43.22792434692383,157.54933166503906,345.09259033203125
223,0.0,0.2642834186553955,56.71022033691406,0.023804742842912674,0.0010367583017796278,30.01796531677246,86.81366729736328,41.0665283203125,149.7432861328125,328.24591064453125
224,0.0,0.2623729109764099,55.586971282958984,0.022614505141973495,0.000984920421615243,30.179203033447266,87.01939392089844,39.503292083740234,142.43931579589844,314.0910949707031
225,0.0,0.2580134868621826,54.6418342590332,0.021483778953552246,0.000935674412176013,31.138050079345703,93.57841491699219,38.29926300048828,136.37997436523438,306.2716369628906
226,0.0,0.2493857592344284,52.52821731567383,0.020409589633345604,0.0008888907032087445,30.507707595825195,95.82081604003906,37.62681579589844,135.8707733154297,307.7344970703125
227,0.0,0.23900026082992554,50.36804962158203,0.019389109686017036,0.0008444461855106056,29.774883270263672,98.15802001953125,38.99153137207031,140.3030242919922,320.9939880371094
228,0.0,0.2301800698041916,48.51278305053711,0.018419653177261353,0.0008022238616831601,29.132230758666992,98.87504577636719,41.795894622802734,147.64886474609375,340.7078857421875
229,0.0,0.21955709159374237,46.540000915527344,0.017498670145869255,0.0007621126715093851,28.35117530822754,101.20958709716797,48.0888557434082,154.29664611816406,336.6382141113281
230,0.0,0.20972727239131927,44.939029693603516,0.016623737290501595,0.0007240070262923837,28.26125144958496,103.49179077148438,51.822296142578125,149.97445678710938,325.3628845214844
231,0.0,0.20078779757022858,43.88792419433594,0.015792550519108772,0.0006878066924400628,28.963329315185547,108.71204376220703,56.97786331176758,149.12698364257812,318.9515075683594
232,0.0,0.1912209838628769,43.804115295410156,0.015002923086285591,0.0006534163258038461,30.95400047302246,113.34429168701172,59.191078186035156,142.44488525390625,305.52093505859375
233,0.0,0.19010448455810547,45.218231201171875,0.014252777211368084,0.0006207455298863351,34.002960205078125,115.11173248291016,57.93596267700195,135.3662109375,290.3449401855469
234,0.0,0.18059925734996796,42.999759674072266,0.013540138490498066,0.0005897082737646997,32.427608489990234,110.23218536376953,56.27126693725586,131.5233917236328,283.3306884765625
235,0.0,0.17156928777694702,40.849769592285156,0.012863131240010262,0.0005602228338830173,30.80622673034668,104.72057342529297,53.67337417602539,126.59019470214844,273.7774963378906
236,0.0,0.16809237003326416,42.19964599609375,0.023520778864622116,0.0005322116776369512,30.580978393554688,99.95519256591797,51.65187454223633,123.84261322021484,267.06591796875
237,0.0,0.16351619362831116,42.957618713378906,0.03701291233301163,0.000505601114127785,30.776752471923828,101.24759674072266,52.931602478027344,121.58609771728516,260.908203125
238,0.0,0.15646159648895264,41.932952880859375,0.043864037841558456,0.00048032106133177876,31.128307342529297,107.15774536132812,52.08610534667969,116.76189422607422,251.3275909423828
239,0.0,0.14974021911621094,41.16973876953125,0.05584147945046425,0.00045630501699633896,31.625362396240234,111.24430084228516,51.85868835449219,112.871337890625,244.13983154296875
240,0.0,0.14279398322105408,40.017982482910156,0.06266926229000092,0.00043348976760171354,31.79608154296875,111.86469268798828,51.299591064453125,109.15634155273438,237.40762329101562
241,0.0,0.13619409501552582,38.952125549316406,0.06598341464996338,0.00041181527194567025,31.779945373535156,110.61512756347656,50.09485626220703,104.64952087402344,229.71505737304688
242,0.0,0.12949343025684357,38.0327262878418,0.07332318276166916,0.00039122451562434435,32.38422393798828,110.75614929199219,49.716400146484375,101.45305633544922,223.11312866210938
243,0.0,0.1233045905828476,36.715309143066406,0.07764014601707458,0.00037166327820159495,32.14716339111328,108.07817077636719,48.6787223815918,98.0111312866211,216.8653564453125
244,0.0,0.11748739331960678,35.51789093017578,0.08310148119926453,0.00035308010410517454,31.846410751342773,105.46744537353516,47.56888198852539,94.36700439453125,209.4217529296875
245,0.0,0.11173378676176071,34.57643508911133,0.08575074374675751,0.0003354260988999158,31.440736770629883,103.37147521972656,46.686279296875,91.23321533203125,203.3290557861328
246,0.0,0.10787177085876465,33.83294677734375,0.08146320283412933,0.00031865478376857936,30.930850982666016,101.69557189941406,46.361228942871094,89.32081604003906,202.99325561523438
247,0.0,0.10913101583719254,33.032649993896484,0.07739004492759705,0.0003027220373041928,30.238811492919922,100.36371612548828,46.33440017700195,87.87886047363281,205.73411560058594
248,0.0,0.12703867256641388,33.271060943603516,0.07352054119110107,0.0002875859208870679,29.855926513671875,98.20620727539062,45.92499542236328,87.11833190917969,198.5294952392578
249,0.0,0.14156197011470795,32.75008773803711,0.06984451413154602,0.00027320662047713995,29.043285369873047,96.19498443603516,46.34569549560547,90.12907409667969,199.77978515625
250,0.0,0.13578689098358154,31.11764144897461,0.06635228544473648,0.0002595462719909847,27.63549041748047,94.03985595703125,49.15568923950195,95.80520629882812,198.76507568359375
251,0.0,0.1289975494146347,33.408538818359375,0.06303466856479645,0.0002465689613018185,29.832752227783203,94.6395034790039,48.03466796875,94.59064483642578,203.31137084960938
252,0.0,0.12254767119884491,32.066246032714844,0.059882935136556625,0.00023424050596076995,29.373504638671875,92.2633056640625,47.102806091308594,92.96935272216797,200.7476348876953
253,0.0,0.11642028391361237,30.465438842773438,0.05688878893852234,0.00022252848430071026,27.97359275817871,87.8057861328125,45.13936233520508,88.77605438232422,192.47276306152344
254,0.0,0.11059927195310593,28.94482421875,0.05414239317178726,0.0002114020608132705,26.863380432128906,86.1885986328125,45.04261016845703,87.85472869873047,189.618408203125
255,0.0,0.10506930947303772,27.53877830505371,0.05143527314066887,0.00020083195704501122,25.614683151245117,82.70362854003906,44.02479553222656,85.5598373413086,183.52545166015625
256,0.0,0.09981584548950195,26.16183853149414,0.04886350780725479,0.00019079034973401576,24.33489227294922,78.57054901123047,41.82355499267578,81.28184509277344,174.52853393554688
257,0.0,0.09482505172491074,25.060840606689453,0.04642033204436302,0.00018125082715414464,24.178699493408203,81.26777648925781,40.24591827392578,79.93604278564453,166.8621826171875
258,0.0,0.09444185346364975,26.353954315185547,0.054453492164611816,0.00017218828725162894,25.13882064819336,79.56986236572266,38.61741638183594,78.07063293457031,160.8095245361328
259,0.0,0.09033534675836563,25.742387771606445,0.05251312628388405,0.0001635788648854941,24.051532745361328,75.66324615478516,36.69368362426758,74.18868255615234,152.80532836914062
260,0.0,0.0871981754899025,25.05276870727539,0.0528261661529541,0.00015539991727564484,23.08479881286621,72.21479797363281,34.92768478393555,70.99573516845703,145.17079162597656
261,0.0,0.08453687280416489,24.162513732910156,0.05211640149354935,0.00014762992213945836,22.072858810424805,69.21112823486328,33.18793487548828,68.06513977050781,145.8347930908203
262,0.0,0.08367975056171417,24.638626098632812,0.0583726167678833,0.0001402484194841236,22.21354103088379,70.28399658203125,31.542015075683594,65.11661529541016,149.6211395263672
263,0.0,0.08023346215486526,25.662015914916992,0.0656818076968193,0.00013323599705472589,22.51202392578125,71.31883239746094,30.059629440307617,62.9416618347168,161.48617553710938
264,0.0,0.07622178643941879,24.465105056762695,0.06264988332986832,0.00012657418847084045,21.39254379272461,67.75289154052734,28.55664825439453,60.05875015258789,164.07493591308594
265,0.0,0.0724106952548027,23.241849899291992,0.05951738730072975,0.00012024548050248995,20.323467254638672,64.36528015136719,27.128814697265625,57.293575286865234,171.22816467285156
266,0.0,0.07517439872026443,24.22323226928711,0.06562691926956177,0.00011423320393078029,20.015830993652344,64.8760986328125,25.8333683013916,54.43449020385742,167.21437072753906
267,0.0,0.07141567766666412,24.99311065673828,0.07766968756914139,0.00010852154082385823,20.195905685424805,63.28645324707031,24.912729263305664,51.805965423583984,159.06402587890625
268,0.0,0.06784489005804062,23.745271682739258,0.07378619909286499,0.00010309545905329287,19.26547622680664,60.68168640136719,24.558956146240234,51.2924690246582,155.9612274169922
269,0.0,0.0644526481628418,22.558008193969727,0.07009688764810562,9.794068319024518e-05,18.316303253173828,58.80851364135742,23.767845153808594,50.78622817993164,151.8981170654297
270,0.0,0.06123001500964165,21.43010711669922,0.06659204512834549,9.304365084972233e-05,17.400487899780273,55.940406799316406,22.747241973876953,50.09006881713867,148.94491577148438
271,0.0,0.05816851183772087,20.358600616455078,0.063262440264225,8.839146903483197e-05,16.53046417236328,53.14338684082031,21.609880447387695,47.89850997924805,143.9809112548828
272,0.0,0.05526008456945419,19.340669631958008,0.060099318623542786,8.397189230890945e-05,15.703940391540527,50.4862174987793,20.529386520385742,45.50358581542969,137.2076873779297
273,0.0,0.10445697605609894,18.423856735229492,0.05709435045719147,7.977329369168729e-05,14.918743133544922,47.96190643310547,19.50291633605957,43.22991180419922,131.34535217285156
274,0.0,0.27909937500953674,17.589523315429688,0.054239630699157715,7.578462827950716e-05,14.172805786132812,45.563812255859375,18.52777099609375,41.068416595458984,124.80819702148438
275,0.0,0.367218017578125,16.817466735839844,0.05152764916419983,7.19953968655318e-05,13.47822093963623,43.309268951416016,17.601381301879883,39.01499557495117,118.6696548461914
276,0.0,0.5735511779785156,27.717708587646484,0.128902405500412,6.839562411187217e-05,16.403257369995117,48.31216049194336,17.626468658447266,37.064247131347656,112.73617553710938
277,0.0,0.6747207641601562,31.41712760925293,0.15791448950767517,6.49758439976722e-05,16.5769100189209,49.98115158081055,17.522462844848633,36.335018157958984,115.31049346923828
278,0.0,0.6618276238441467,31.63631248474121,0.1707548350095749,6.172704888740554e-05,17.10645294189453,52.80976867675781,17.605955123901367,37.120723724365234,116.674072265625
279,0.0,0.6443254351615906,32.148345947265625,0.18397070467472076,5.864069680683315e-05,18.1829891204834,58.14638137817383,19.20256996154785,38.86438751220703,121.4620132446289
280,0.0,0.6232694983482361,31.420108795166016,0.17477217316627502,5.570866051129997e-05,18.35960578918457,60.47987365722656,20.75674819946289,39.491249084472656,120.32884216308594
281,0.0,0.6029984951019287,30.279573440551758,0.1660335659980774,5.292322748573497e-05,17.824201583862305,60.09125518798828,22.24573516845703,39.588294982910156,116.74060821533203
282,0.0,0.5765399932861328,28.857425689697266,0.15773189067840576,5.027706720284186e-05,17.07691764831543,59.5667610168457,24.19961929321289,39.131629943847656,110.97024536132812
283,0.0,0.5477129817008972,27.41493797302246,0.14984528720378876,4.776321293320507e-05,16.227874755859375,57.7209358215332,24.966514587402344,37.99834442138672,105.43218231201172
284,0.0,0.5203273296356201,26.044191360473633,0.14235302805900574,4.537505083135329e-05,15.416481018066406,54.835147857666016,23.728986740112305,36.1000862121582,100.16056823730469
285,0.0,0.4943109452724457,24.741981506347656,0.13523536920547485,4.310629810788669e-05,14.64565658569336,52.13958740234375,22.684993743896484,34.918487548828125,98.16038513183594
286,0.0,0.46960049867630005,23.522602081298828,0.12867030501365662,4.095098120160401e-05,13.945548057556152,49.58024215698242,21.55381202697754,33.60133743286133,93.80740356445312
287,0.0,0.44612959027290344,22.346471786499023,0.12223678827285767,3.890343214152381e-05,13.248270034790039,47.104740142822266,20.479814529418945,32.50277328491211,89.90580749511719
288,0.0,0.42396944761276245,21.22915267944336,0.1161249503493309,3.6958259443053976e-05,12.585856437683105,44.75075912475586,19.457300186157227,31.132320404052734,85.81905364990234
289,0.0,0.4027737081050873,20.169984817504883,0.11031869798898697,3.511034447001293e-05,11.95659065246582,42.51322555541992,18.484434127807617,29.60671615600586,81.86648559570312
290,0.0,0.3826350271701813,19.16148567199707,0.10480276495218277,3.3354826882714406e-05,11.358760833740234,40.38835906982422,17.56031036376953,28.192859649658203,77.77924346923828
291,0.0,0.36350327730178833,18.203411102294922,0.0995626226067543,3.168708644807339e-05,10.790822982788086,38.36894226074219,16.682294845581055,26.91968536376953,73.99584197998047
292,0.0,0.345339834690094,17.29323959350586,0.09458448737859726,3.0102732125669718e-05,10.25128173828125,36.45543670654297,15.85432243347168,25.617834091186523,70.29605102539062
293,0.0,0.32807284593582153,16.428577423095703,0.08985526114702225,2.859759479179047e-05,9.738717079162598,34.633296966552734,15.062360763549805,24.337398529052734,66.78125
294,0.0,0.4874267280101776,16.92009735107422,0.08537066727876663,3.151433702441864e-05,9.25281047821045,32.951988220214844,14.330854415893555,23.19365692138672,63.44218826293945
295,0.0,0.5183743834495544,17.325233459472656,0.08130677789449692,2.9938619263703004e-05,8.833487510681152,31.45428466796875,13.654887199401855,22.35611915588379,60.7311897277832
296,0.0,0.5042963624000549,16.679710388183594,0.07745082676410675,2.844168739102315e-05,8.401402473449707,29.945173263549805,13.11630916595459,23.095232009887695,61.74434280395508
297,0.0,0.48160114884376526,15.937779426574707,0.07357828319072723,2.7019603294320405e-05,7.981332302093506,28.4564208984375,12.482221603393555,22.4002685546875,58.938663482666016
298,0.0,0.4575275182723999,15.1416015625,0.06989936530590057,2.5668623493402265e-05,7.582265377044678,27.033599853515625,11.858110427856445,21.280254364013672,55.991729736328125
299,0.0,0.4347758889198303,14.384521484375,0.06640439480543137,2.43851918639848e-05,7.203152179718018,25.68191909790039,11.265204429626465,20.21624183654785,53.192142486572266
300,0.0,0.4130399525165558,13.665295600891113,0.063084177672863,2.316593236173503e-05,6.842994689941406,24.397823333740234,10.701944351196289,19.205429077148438,50.532535552978516
301,0.0,0.3923879563808441,12.982030868530273,0.05992996692657471,2.20076362893451e-05,6.500844955444336,23.177932739257812,10.166847229003906,18.24515724182129,48.00590896606445
302,0.0,0.37276870012283325,12.332929611206055,0.05693346634507179,2.0907255020574667e-05,6.175802707672119,22.177894592285156,10.05560302734375,17.639678955078125,45.605613708496094
303,0.0,0.35416698455810547,11.79908561706543,0.05408679321408272,1.9861892724293284e-05,5.900454998016357,22.923105239868164,14.788549423217773,31.062345504760742,53.413997650146484
304,0.0,0.33645862340927124,11.239669799804688,0.05138245224952698,1.886879726953339e-05,5.605432033538818,24.21973419189453,19.4136962890625,36.28963088989258,57.46187973022461
305,0.0,0.34086763858795166,11.132670402526855,0.04881332814693451,1.7925356587511487e-05,5.347376346588135,23.086244583129883,18.453569412231445,34.50013732910156,54.58967590332031
306,0.0,0.3238847553730011,10.595359802246094,0.046372659504413605,1.702908775769174e-05,5.084752082824707,21.95057487487793,17.54712677001953,32.77642822265625,51.860191345214844
307,0.0,0.30769050121307373,10.065591812133789,0.044054027646780014,1.6177633369807154e-05,4.830514430999756,20.860017776489258,16.80894660949707,31.659543991088867,49.28376007080078
308,0.0,0.2923184931278229,9.5623197555542,0.04185132682323456,1.5368750609923154e-05,4.588988780975342,19.8170166015625,15.968499183654785,30.103412628173828,46.81957244873047
309,0.0,0.27770256996154785,9.084203720092773,0.03975876048207283,1.4600313079426996e-05,4.35953950881958,18.8261661529541,15.170074462890625,28.598241806030273,44.47859191894531
310,0.0,0.2638799548149109,8.633172988891602,0.03796529024839401,1.3870297152607236e-05,4.144683837890625,17.886014938354492,14.41157054901123,27.1683292388916,42.254661560058594
311,0.0,0.2514721751213074,8.218398094177246,0.03611850365996361,1.3176781976653729e-05,3.9467759132385254,17.000036239624023,13.690991401672363,25.809911727905273,40.141929626464844
312,0.0,0.23962731659412384,7.826206207275391,0.03431257978081703,1.2517943105194718e-05,3.751775026321411,16.15009880065918,13.006442070007324,24.5194149017334,38.13483428955078
313,0.0,0.22871138155460358,7.468898773193359,0.0329144112765789,5.679300375049934e-05,3.5797181129455566,15.348094940185547,12.356120109558105,23.29344367980957,36.228092193603516
314,0.0,0.21740277111530304,7.125349998474121,0.03126868978142738,5.395335392677225e-05,3.4007322788238525,14.580690383911133,11.738313674926758,22.12877082824707,34.41668701171875
315,0.0,0.20653262734413147,6.769082546234131,0.02970525436103344,5.125568713992834e-05,3.2306957244873047,13.851655960083008,11.153839111328125,21.0770320892334,32.696083068847656
316,0.0,0.1962059885263443,6.430628299713135,0.02821999043226242,4.869290205533616e-05,3.0691609382629395,13.159072875976562,10.596146583557129,20.02318000793457,31.061279296875
317,0.0,0.18716645240783691,6.11183500289917,0.02680899016559124,4.6258257498266175e-05,2.915709972381592,12.501118659973145,10.066339492797852,19.02202033996582,29.508214950561523
318,0.0,0.18417079746723175,5.817222595214844,0.02546853944659233,4.3945343350060284e-05,2.7699244022369385,11.876062393188477,9.56302261352539,18.070919036865234,28.032804489135742
319,0.0,0.17556019127368927,5.526851654052734,0.0241951122879982,4.174807691015303e-05,2.6314282417297363,11.282258987426758,9.084871292114258,17.167373657226562,26.63116455078125
320,0.0,0.18257440626621246,5.325445652008057,0.02298535592854023,3.966067379224114e-05,2.4998857975006104,10.718147277832031,8.630627632141113,16.309003829956055,25.299606323242188
321,0.0,0.1736607551574707,5.059602737426758,0.021836087107658386,3.7677640648325905e-05,2.374891519546509,10.182239532470703,8.199095726013184,15.493842124938965,24.034626007080078
322,0.0,0.17582270503044128,4.878972053527832,0.022557424381375313,3.579375697881915e-05,2.281554937362671,9.689375877380371,7.789710521697998,14.719149589538574,22.832895278930664
323,0.0,0.16765610873699188,4.638009071350098,0.021429553627967834,3.400406785658561e-05,2.1674771308898926,9.207992553710938,7.410059928894043,13.988987922668457,21.69124984741211
324,0.0,0.15946976840496063,4.406123638153076,0.020358076319098473,3.230386573704891e-05,2.05910325050354,8.74759292602539,7.039556980133057,13.289538383483887,20.606687545776367
325,0.0,0.1514962762594223,4.185817241668701,0.01934017241001129,3.068867226829752e-05,1.9561480283737183,8.310213088989258,6.687579154968262,12.62506103515625,19.576353073120117
326,0.0,0.14530034363269806,3.9766342639923096,0.018373163416981697,2.9154238291084766e-05,1.8583406209945679,7.894702434539795,6.3531999588012695,11.993807792663574,18.597536087036133
327,0.0,0.13853462040424347,3.7778310775756836,0.01745450496673584,2.7696525648934767e-05,1.7654235363006592,7.499967575073242,6.0355401039123535,11.39411735534668,17.667659759521484
328,0.0,0.1319849193096161,3.5889790058135986,0.016581779345870018,2.631169991218485e-05,1.677152395248413,7.124969005584717,5.733763217926025,10.824411392211914,16.784276962280273
329,0.0,0.12582504749298096,3.409559965133667,0.01575268991291523,2.4996114007080905e-05,1.5932947397232056,6.768720626831055,5.447074890136719,10.283190727233887,15.945062637329102
330,0.0,0.11979232728481293,3.239097833633423,0.014965055510401726,2.374630821577739e-05,1.5136300325393677,6.43028450012207,5.1747212409973145,9.769031524658203,15.147809028625488
331,0.0,0.11600540578365326,3.0774025917053223,0.014216803014278412,2.255899198644329e-05,1.43794846534729,6.108770847320557,4.915985107421875,9.280579566955566,14.39041805267334
332,0.0,0.11041485518217087,2.923543691635132,0.013505962677299976,2.1431042114272714e-05,1.3660510778427124,5.803333759307861,4.670185565948486,8.816550254821777,13.670896530151367
333,0.0,0.10495423525571823,2.7773663997650146,0.012830664403736591,2.0359490008559078e-05,1.2977485656738281,5.513166904449463,4.436676025390625,8.375722885131836,12.987351417541504
334,0.0,0.10186054557561874,2.6386475563049316,0.01218913123011589,1.9341514416737482e-05,1.2328611612319946,5.237508296966553,4.214842319488525,7.956940174102783,12.337984085083008
335,0.0,0.1002245545387268,2.507038116455078,0.011579674668610096,1.8374437786405906e-05,1.1712180376052856,4.978719234466553,4.0069780349731445,7.792960166931152,11.721084594726562
336,0.0,0.11717487126588821,2.952585220336914,0.015083436854183674,1.745571535138879e-05,1.2532504796981812,4.767930030822754,3.814943790435791,7.562967777252197,11.137372016906738
337,0.0,0.11572206765413284,3.5210928916931152,0.015096739865839481,1.658292967476882e-05,1.2660471200942993,4.560858726501465,3.624237298965454,7.203275680541992,10.580668449401855
338,0.0,0.11411739885807037,3.773989677429199,0.01669173315167427,1.575378337292932e-05,1.33181631565094,4.480011463165283,3.4787020683288574,7.189929485321045,10.154062271118164
339,0.0,0.11159651726484299,3.837399482727051,0.015857147052884102,1.4966093658586033e-05,1.2681751251220703,4.256011009216309,3.304766893386841,6.9360222816467285,9.698935508728027
340,0.0,0.10601668804883957,3.6455295085906982,0.015064289793372154,1.421778870280832e-05,1.2047663927078247,4.043210506439209,3.139528512954712,6.589221000671387,9.213988304138184
341,0.0,0.10071585327386856,3.4632530212402344,0.014311075210571289,1.3506899449566845e-05,1.1445280313491821,3.841049909591675,3.038802146911621,8.32418441772461,9.454540252685547
342,0.0,0.09568005800247192,3.290090322494507,0.013595521450042725,1.2831554158765357e-05,1.0873016119003296,3.6489973068237305,2.901243209838867,7.933422565460205,9.597976684570312
343,0.0,0.09089605510234833,3.1255857944488525,0.012915745377540588,1.2189976587251294e-05,1.0397485494613647,3.7188172340393066,2.99737811088562,7.752011299133301,9.13772201538086
344,0.0,0.08635125309228897,2.969306468963623,0.012269957922399044,1.1580477803363465e-05,0.9877930879592896,3.711477756500244,2.9254865646362305,7.414414405822754,8.680835723876953
345,0.0,0.0820336863398552,2.820841073989868,0.011656459420919418,1.100145345844794e-05,0.9384497404098511,3.977691650390625,3.222666025161743,7.196122646331787,8.246793746948242
346,0.0,0.07793200016021729,2.6797990798950195,0.011073635891079903,1.0451381058373954e-05,0.8915272355079651,3.7793097496032715,3.062006950378418,6.8363165855407715,7.83445405960083
347,0.0,0.07457071542739868,2.550795078277588,0.01051995437592268,9.928811778081581e-06,0.8501759767532349,3.6204564571380615,2.929332733154297,6.495048522949219,7.449073791503906
348,0.0,0.07084217667579651,2.4433796405792236,0.010920212604105473,0.0005995418759994209,0.8361767530441284,3.4642112255096436,2.8240108489990234,6.242620944976807,7.23684549331665
349,0.0,0.06730006635189056,2.3212106227874756,0.010374201461672783,0.0005695647560060024,0.7943679094314575,3.2910006046295166,2.6828103065490723,5.930490016937256,6.875003337860107
350,0.0,0.06412757188081741,2.2055466175079346,0.009855491109192371,0.0005410864832811058,0.7546495199203491,3.126450538635254,2.5486698150634766,5.633965492248535,6.531252861022949
351,0.0,0.06096554547548294,2.0978798866271973,0.009362716227769852,0.0005140321445651352,0.7169170379638672,2.970128059387207,2.421241283416748,5.352268695831299,6.204689979553223
352,0.0,0.05799778923392296,2.0272984504699707,0.008894580416381359,0.0004883305518887937,0.6812940835952759,2.8216216564178467,2.3002092838287354,5.0846662521362305,5.894455432891846
353,0.0,0.055117785930633545,1.9327138662338257,0.008460571989417076,0.00047067608102224767,0.6473320722579956,2.6805660724639893,2.185206413269043,4.830437183380127,5.599732398986816
354,0.0,0.052409298717975616,1.8469454050064087,0.00806224625557661,0.0004955672775395215,0.615246593952179,2.5465378761291504,2.0760483741760254,4.589616298675537,5.3197455406188965
355,0.0,0.049788832664489746,1.7545981407165527,0.007659133989363909,0.00047078891657292843,0.7398712038993835,2.419210910797119,1.9736905097961426,4.3664870262146,5.053758144378662
356,0.0,1.8983356952667236,3.976501226425171,0.007276177406311035,0.0004472494765650481,0.7028776407241821,2.298250436782837,1.8750059604644775,4.148162841796875,4.801070213317871
357,0.0,1.8034188747406006,3.7776761054992676,0.0069123683497309685,0.0004248869954608381,0.6677337288856506,2.183337926864624,1.7812556028366089,3.945618152618408,4.56101655960083
358,0.0,1.7132478952407837,3.588792324066162,0.006566749885678291,0.0004036426544189453,0.6343470215797424,2.0741710662841797,1.6921954154968262,3.748337745666504,4.332965850830078
359,0.0,1.627585530281067,3.4093527793884277,0.006238412111997604,0.00038346051587723196,0.6026296615600586,1.970462441444397,1.607661247253418,3.6303160190582275,4.1163225173950195
360,0.0,1.5462062358856201,3.2388851642608643,0.005926491227000952,0.0003642874944489449,0.5724981427192688,1.8719393014907837,1.5272890329360962,3.4994957447052,3.910506248474121
361,0.0,2.3990612030029297,6.023686408996582,0.08942410349845886,0.04051453247666359,1.3176521062850952,2.030078411102295,1.4653722047805786,3.7526633739471436,3.7150003910064697
362,0.0,2.298412799835205,5.7283196449279785,0.08495289832353592,0.038488805294036865,1.2517695426940918,1.9285744428634644,1.4102863073349,3.5941481590270996,3.529250383377075
363,0.0,2.4197261333465576,5.502898216247559,0.08070525527000427,0.03656436502933502,1.1891812086105347,1.92796790599823,1.429262638092041,3.45133638381958,3.352787733078003
364,0.0,2.318286657333374,5.227753162384033,0.07666999101638794,0.03473614528775215,1.1297221183776855,1.8315694332122803,1.364380121231079,3.2787718772888184,3.185148239135742
365,0.0,2.2124969959259033,4.966365337371826,0.0728364884853363,0.03299933671951294,1.0732359886169434,1.7399909496307373,1.2961679697036743,3.1148364543914795,3.025890827178955
