# Timestep,0,1,2,3,4,5,6,7,8,9,10,11,12,13,14
1.0,0.0,0.476545,0.665366,0.553066,0.734839,0.92125,0.852489,0.602226,0.67305,0.745806,0.647375,0.709428,0.697173,0.620239,0.707862
2.0,0.0,0.0234586,0.383082,0.150811,0.406247,0.851359,0.730494,0.218785,0.296583,0.504265,0.299883,0.49256,0.47818,0.361141,0.344899
3.0,0.0,-0.35797,0.208741,-0.117087,0.206342,0.901831,0.739898,-0.0205598,0.0965657,0.433843,0.0725525,0.421126,0.402957,0.261016,0.211946
4.0,0.0,-0.653536,0.00595086,-0.248824,0.154992,0.890375,0.70822,-0.205339,-0.0585619,0.303524,-0.0680832,0.307862,0.227549,0.0465888,0.0499617
5.0,0.0,-0.944097,-0.165211,-0.472659,0.0636373,0.823958,0.605352,-0.491546,-0.229628,0.166746,-0.159378,0.188263,0.0769997,-0.13565,-0.1392
6.0,0.0,-1.12719,-0.155617,-0.522767,0.125494,0.967513,0.749661,-0.615723,-0.193295,0.266857,-0.113087,0.316615,0.163171,-0.0511799,-0.0392973
7.0,0.0,-1.18806,-0.241513,-0.543573,0.167879,1.12867,0.894911,-0.714205,-0.0565702,0.288701,-0.00228913,0.335935,0.135725,-0.11743,-0.0497919
8.0,0.0,-1.30022,-0.300232,-0.714384,0.133126,1.30544,1.06555,-1.08299,-0.043059,0.299534,0.0726237,0.431736,0.170621,-0.0799874,-0.120422
9.0,0.0,-1.47456,-0.235933,-0.766445,0.181717,1.64233,1.38906,-1.34676,0.115907,0.474181,0.192331,0.708584,0.396136,0.167088,-0.00701571
10.0,0.0,-1.63323,0.0632972,-0.765468,0.443758,2.11007,1.86648,-1.25848,0.345548,0.835032,0.264219,1.18674,0.790802,0.582683,0.305511
11.0,0.0,-1.80416,0.270853,-0.854304,0.565315,2.44644,2.19785,-1.15598,0.447296,1.05716,0.229777,1.55551,1.04729,0.864931,0.461181
12.0,0.0,-1.94214,0.499325,-1.00932,0.54586,2.83496,2.57111,-1.07115,0.378793,1.28668,0.0499726,1.97281,1.36702,1.22518,0.540168
13.0,0.0,-2.08691,0.506331,-1.27416,0.304574,2.80853,2.55474,-1.14222,0.0956692,1.17584,-0.180902,2.11735,1.37923,1.33037,0.239101
14.0,0.0,-2.17459,0.459768,-1.42556,0.306558,2.79632,2.52316,-1.22984,0.0907758,1.20033,-0.194532,2.0639,1.35394,1.28318,0.339775
15.0,0.0,-2.30654,0.612563,-1.54065,0.379362,2.88673,2.57,-1.14908,0.174498,1.39209,-0.20268,2.14101,1.47754,1.37061,0.561735
16.0,0.0,-2.27979,0.940228,-1.26619,0.785518,3.23698,2.92724,-0.834837,0.487242,1.73238,0.0966721,2.49891,1.79946,1.68353,0.942985
17.0,0.0,-1.7518,1.65882,-0.492513,1.53103,3.94157,3.63032,-0.0734015,1.11888,2.43323,0.780571,3.23715,2.49994,2.3755,1.63607
18.0,0.0,-1.26329,2.11523,0.165745,2.13906,4.35314,4.03272,0.58936,1.69794,2.87896,1.39125,3.6289,2.86288,2.69568,2.1468
19.0,0.0,-1.17802,2.09768,0.221832,2.10007,4.30216,3.98204,0.675812,1.67144,2.83106,1.46513,3.60806,2.81119,2.64465,2.08987
20.0,0.0,-1.30452,2.1063,0.177341,2.06625,4.30192,3.9829,0.726707,1.52758,2.81906,1.28978,3.64652,2.80482,2.6424,2.07966
21.0,0.0,-1.16363,2.31336,0.450734,2.28555,4.56045,4.24027,0.978787,1.65777,3.0239,1.44013,3.89675,3.027,2.86781,2.25592
22.0,0.0,-0.780663,2.81404,0.906273,2.71446,5.07115,4.73348,1.5061,2.11855,3.51924,1.87109,4.38639,3.53498,3.35769,2.71507
23.0,0.0,-0.57432,3.00291,1.0784,2.86291,5.31065,5.00387,1.68632,2.2492,3.72352,2.03328,4.67276,3.75587,3.60532,2.89236
24.0,0.0,-0.35075,3.33151,1.43355,3.23557,5.66945,5.35044,2.01116,2.51592,4.07055,2.32065,5.01543,4.09531,3.94134,3.2508
25.0,0.0,0.0789934,3.34828,1.8263,3.51292,5.61664,5.2854,2.27142,2.80292,4.11859,2.75259,4.90751,4.03295,3.824,3.396
26.0,0.0,0.62503,3.78146,2.45379,4.12984,6.03101,5.64508,2.83001,3.35832,4.5711,3.43028,5.22447,4.42325,4.1545,3.93459
27.0,0.0,0.752853,3.74567,2.62988,4.26368,5.94878,5.54497,2.96685,3.45739,4.58207,3.60154,5.10918,4.33781,4.01733,3.99617
28.0,0.0,0.807577,3.80342,2.81806,4.48452,6.05579,5.61164,3.07261,3.77103,4.67339,3.93786,5.13231,4.39509,4.04678,4.16167
29.0,0.0,1.06142,3.95189,2.99889,4.65031,6.22951,5.7668,3.29107,4.01448,4.8522,4.07926,5.27455,4.54483,4.17261,4.33996
30.0,0.0,1.01164,3.88121,2.91051,4.60949,6.22619,5.76649,3.23966,3.97793,4.81439,4.00184,5.27535,4.51251,4.15515,4.2959
31.0,0.0,1.11429,4.03106,3.02933,4.77546,6.4595,5.98491,3.37302,4.14148,4.99961,4.16603,5.44294,4.68812,4.31912,4.52918
32.0,0.0,1.32085,4.461,3.23424,5.11344,6.9253,6.44802,3.60151,4.60864,5.47692,4.48514,5.91011,5.13765,4.76226,5.02553
33.0,0.0,1.56263,4.7278,3.43934,5.34949,7.18121,6.69032,3.75492,4.87694,5.71187,4.77212,6.16311,5.3911,5.01601,5.21961
34.0,0.0,1.62628,4.89023,3.51184,5.49801,7.32957,6.79667,3.81403,5.04804,5.86363,4.90719,6.26069,5.52645,5.12487,5.3754
35.0,0.0,1.82047,5.02681,3.85525,5.75366,7.46124,6.8916,4.1588,5.26082,6.00376,5.17088,6.35325,5.63655,5.21433,5.53679
36.0,0.0,1.90813,4.99729,3.90106,5.72207,7.40935,6.86014,4.16351,5.26794,5.96392,5.23993,6.33952,5.5998,5.19183,5.48796
37.0,0.0,2.041,4.97529,3.84435,5.5368,7.48705,6.97779,4.01897,5.29606,5.99679,5.26884,6.43734,5.70541,5.35378,5.4543
38.0,0.0,2.14534,5.02689,3.71882,5.38858,7.75851,7.24081,3.76298,5.52859,6.21495,5.26701,6.64499,5.93529,5.61026,5.65227
39.0,0.0,2.41115,5.51183,4.17632,5.94201,8.20193,7.6727,4.20722,5.94969,6.63627,5.68469,7.11764,6.38511,6.06866,6.14605
40.0,0.0,2.84109,5.74422,4.67897,6.41289,8.40421,7.84021,4.7258,6.31506,6.86379,6.17256,7.21135,6.53299,6.14696,6.43121
41.0,0.0,2.66427,5.48646,4.40999,6.10307,8.14499,7.58674,4.531,6.01207,6.56633,5.91438,6.96514,6.26822,5.89084,6.03847
42.0,0.0,2.43445,5.1946,4.18841,5.85739,7.89242,7.35551,4.33771,5.72733,6.28806,5.6427,6.69961,5.98259,5.61037,5.8284
43.0,0.0,2.10747,4.97269,3.99318,5.6879,7.69078,7.12514,4.16983,5.52136,6.06018,5.45447,6.44141,5.74339,5.34331,5.5773
44.0,0.0,1.75924,4.65573,3.71273,5.39391,7.29806,6.7262,3.90804,5.18739,5.70239,5.168,6.04928,5.37225,4.95469,5.20581
45.0,0.0,1.55212,4.308,3.50749,5.19868,6.97203,6.4002,3.62781,5.10039,5.38817,5.09526,5.63565,5.01437,4.56245,4.95917
46.0,0.0,1.86858,4.29437,3.58297,5.23126,6.87393,6.29933,3.68891,5.15112,5.32925,5.3183,5.51,4.94237,4.4585,4.87991
47.0,0.0,2.13191,3.96183,3.64424,5.18655,6.43811,5.89893,3.44942,5.22181,5.0551,5.48595,5.10524,4.55739,4.06469,4.79505
48.0,0.0,1.86278,3.60157,3.33533,4.82551,6.04007,5.50391,3.12253,4.83421,4.67489,5.12311,4.73187,4.17001,3.68036,4.38938
49.0,0.0,2.00473,3.47937,3.36743,4.75984,5.92307,5.4022,2.96993,4.73882,4.57723,5.18635,4.62726,4.07534,3.59021,4.3554
50.0,0.0,2.37757,3.96949,3.86654,5.22979,6.32547,5.78381,3.40353,5.17016,5.04731,5.66467,5.0358,4.53593,4.03545,4.85652
51.0,0.0,2.81678,4.56347,4.32971,5.76346,6.94136,6.38712,3.86259,5.68573,5.63168,6.15908,5.69741,5.1439,4.66986,5.44082
52.0,0.0,3.2775,5.24835,4.84728,6.31333,7.75795,7.21358,4.42315,6.27531,6.3538,6.67708,6.54069,5.90292,5.45599,6.08582
53.0,0.0,3.65373,5.69131,5.31998,6.77413,8.05518,7.52691,4.93802,6.59706,6.73053,7.00643,6.91539,6.27323,5.83772,6.48508
54.0,0.0,3.97766,5.80095,5.65757,6.94538,8.13898,7.61304,5.09571,6.75099,6.85063,7.2473,6.9651,6.4231,6.0012,6.60258
55.0,0.0,4.2961,6.04451,5.88614,7.11512,8.31459,7.81259,5.25802,7.01549,7.11583,7.53967,7.12887,6.70249,6.2895,6.85789
56.0,0.0,4.6536,6.54254,6.35422,7.55401,8.8642,8.36916,5.6296,7.51309,7.65808,8.02431,7.66602,7.28611,6.89496,7.39117
57.0,0.0,5.04983,6.95176,6.92705,8.08712,9.13823,8.6087,6.25565,7.87043,8.02769,8.47405,7.91016,7.58779,7.1384,7.82681
58.0,0.0,5.1999,6.87207,6.96905,8.10615,9.01018,8.50259,6.34264,7.90851,7.9622,8.50546,7.81157,7.43519,6.96247,7.78488
59.0,0.0,5.01512,6.37496,6.53787,7.70964,8.58153,8.05367,5.90779,7.54192,7.47852,8.16294,7.32084,6.93827,6.44142,7.31514
60.0,0.0,4.68953,6.28853,6.41806,7.68262,8.50486,7.93126,5.83023,7.39894,7.38788,7.9791,7.15744,6.83091,6.29382,7.24021
61.0,0.0,4.20069,5.83168,5.90148,7.16922,8.05431,7.44636,5.41465,6.87232,6.91516,7.41998,6.60723,6.33107,5.73747,6.65989
62.0,0.0,3.4272,5.19148,5.22336,6.53573,7.36195,6.77364,4.85444,6.21155,6.21553,6.72887,5.97047,5.63829,5.05973,5.97018
63.0,0.0,2.70222,4.91097,4.65224,6.05659,7.03998,6.45579,4.48336,5.70293,5.85763,6.09615,5.73012,5.33103,4.78079,5.53977
64.0,0.0,2.24524,4.76989,4.40404,5.87896,6.87798,6.31967,4.34573,5.41721,5.65542,5.73019,5.64575,5.16455,4.64467,5.3407
65.0,0.0,2.11959,4.8122,4.38349,5.89453,6.91421,6.3522,4.35985,5.31588,5.67733,5.56957,5.71034,5.17825,4.65813,5.35097
66.0,0.0,2.28205,4.9798,4.65926,6.08131,7.10386,6.53614,4.59312,5.38339,5.79362,5.74506,5.91913,5.34224,4.83487,5.44562
67.0,0.0,2.54845,5.30155,4.85736,6.2292,7.42968,6.84183,4.83812,5.54543,6.04898,5.92095,6.28187,5.66161,5.17332,5.59563
68.0,0.0,2.9427,5.67993,5.14233,6.50725,7.78634,7.16544,5.08375,5.87837,6.48846,6.25055,6.48492,6.04629,5.48509,6.01292
69.0,0.0,3.33164,5.74672,5.54213,6.81291,7.84413,7.19576,5.32461,6.16111,6.60267,6.6407,6.44384,6.06616,5.44475,6.20843
70.0,0.0,3.64394,6.02154,5.87408,7.16785,8.10916,7.45474,5.62502,6.43649,6.87826,6.95332,6.6882,6.32996,5.70106,6.53889
71.0,0.0,4.17194,6.64359,6.5341,7.77403,8.60313,7.93171,6.3062,7.0422,7.43763,7.55401,7.22498,6.88395,6.24895,7.07891
72.0,0.0,4.6148,6.8092,6.9185,8.10534,8.61403,7.95829,6.60249,7.42656,7.61822,7.98723,7.22713,6.96613,6.29741,7.3663
73.0,0.0,4.93176,6.73244,6.96822,8.09467,8.56745,7.91087,6.45761,7.57473,7.63477,8.16353,7.11648,6.94329,6.26603,7.45436
74.0,0.0,5.05724,6.828,6.98457,8.1678,8.64986,8.01352,6.4027,7.76991,7.74052,8.29883,7.22069,7.04878,6.37763,7.5637
75.0,0.0,5.17938,6.88951,6.98023,8.155,8.6555,8.07128,6.3896,7.82631,7.81391,8.2726,7.28608,7.14092,6.50604,7.63685
76.0,0.0,5.35548,7.15288,7.00617,8.30119,8.97551,8.37851,6.51857,8.08439,8.14988,8.44283,7.52136,7.50003,6.86314,7.95804
77.0,0.0,5.40889,7.51704,7.15819,8.54876,9.38326,8.83328,6.76785,8.42993,8.57757,8.6116,7.91621,7.9536,7.34501,8.38442
78.0,0.0,5.57597,7.88004,7.3576,8.72811,9.8914,9.35428,7.03695,8.70116,8.96013,8.81212,8.36976,8.4374,7.86808,8.68555
79.0,0.0,5.73349,8.37699,7.61884,9.0613,10.4099,9.86635,7.40274,8.97155,9.37017,9.04377,9.00239,8.96721,8.45986,8.99945
80.0,0.0,5.79155,8.57614,7.83223,9.36252,10.5888,10.0325,7.65982,9.19482,9.58691,9.22564,9.19848,9.1273,8.61394,9.26053
81.0,0.0,6.33386,8.88283,8.47863,9.82222,10.905,10.3423,8.12727,9.61747,9.86141,9.85479,9.54411,9.41257,8.90899,9.56415
82.0,0.0,6.95476,8.9299,9.07431,10.17,10.8145,10.2635,8.56212,9.9136,9.88661,10.4116,9.46142,9.34256,8.80206,9.70112
83.0,0.0,6.86862,8.72183,8.83076,9.94554,10.5766,10.0344,8.37671,9.62349,9.58472,10.213,9.30058,9.08794,8.57296,9.35768
84.0,0.0,6.79954,8.53903,8.73036,9.79223,10.298,9.74014,8.33362,9.24672,9.31013,9.99752,9.02766,8.82347,8.28905,9.10591
85.0,0.0,6.22986,7.93669,8.16619,9.27185,9.66819,9.11023,7.85015,8.64942,8.68481,9.44789,8.41487,8.17101,7.62604,8.47488
86.0,0.0,5.44735,7.45328,7.52584,8.72078,9.17677,8.64269,7.35653,8.05491,8.15411,8.793,8.0325,7.67554,7.16634,7.90502
87.0,0.0,4.75712,7.08666,7.1274,8.38147,8.74063,8.20557,7.0515,7.63945,7.72742,8.3021,7.65979,7.26147,6.77085,7.48043
88.0,0.0,4.16938,6.74139,6.5828,7.92709,8.39856,7.84778,6.66973,7.15645,7.34211,7.66723,7.36819,6.9111,6.44256,7.03785
89.0,0.0,3.814,6.77084,6.37124,7.85206,8.35373,7.75676,6.62153,7.00882,7.31928,7.36495,7.32712,6.89038,6.40108,7.00056
90.0,0.0,3.85956,6.8698,6.50618,8.00611,8.29143,7.73382,6.72488,7.21996,7.41444,7.54319,7.2904,6.92401,6.41403,7.15294
91.0,0.0,4.13676,7.23841,6.78774,8.37538,8.5849,8.03134,7.01519,7.57621,7.79933,7.83232,7.52408,7.28812,6.75983,7.59698
92.0,0.0,4.56947,7.69443,7.22828,8.78603,9.03659,8.52653,7.47149,8.00236,8.2874,8.23137,7.99775,7.7826,7.28516,8.10498
93.0,0.0,4.95204,8.17982,7.6559,9.21851,9.49373,9.03069,7.931,8.40053,8.7601,8.63311,8.59417,8.27644,7.83697,8.58658
94.0,0.0,4.9928,7.93702,7.66631,9.08226,9.25818,8.79321,7.91367,8.23914,8.5247,8.56108,8.39283,7.99321,7.54556,8.35291
95.0,0.0,4.662,7.3069,7.31772,8.61689,8.63289,8.15882,7.40263,7.70461,7.88522,8.19466,7.74042,7.32455,6.86031,7.75206
96.0,0.0,4.40674,6.77605,6.95552,8.22212,8.06669,7.57326,6.96147,7.24826,7.36902,7.85894,7.12592,6.78321,6.28696,7.27794
97.0,0.0,4.27545,6.60861,6.72044,8.06435,7.86794,7.34734,6.79564,7.0251,7.17284,7.63372,6.90855,6.59933,6.09588,7.11103
98.0,0.0,4.20296,6.52674,6.4654,7.94443,7.79279,7.25714,6.58421,6.9896,7.1204,7.50428,6.83183,6.51798,5.99607,7.03201
99.0,0.0,3.95245,6.27252,6.10582,7.71321,7.6361,7.09642,6.29805,6.78711,6.91858,7.1887,6.599,6.26675,5.71214,6.8521
100.0,0.0,3.66836,6.04355,5.80613,7.50297,7.42954,6.83018,6.06984,6.57349,6.72456,6.82832,6.27441,6.04267,5.43208,6.65251
101.0,0.0,3.49587,6.02872,5.77365,7.5024,7.38122,6.77726,5.99526,6.55079,6.7006,6.7991,6.2279,6.03559,5.43264,6.694
102.0,0.0,3.2754,6.10376,5.73071,7.58053,7.48458,6.88739,5.93947,6.65048,6.78403,6.82725,6.32197,6.11609,5.50173,6.76863
103.0,0.0,3.16063,6.20897,5.66107,7.59584,7.55382,6.99274,5.87818,6.61091,6.79808,6.78697,6.48657,6.19082,5.62924,6.74911
104.0,0.0,3.40044,6.51923,5.94869,7.88798,7.96401,7.3954,6.05316,6.92328,7.11527,7.1308,6.88908,6.5459,6.00494,7.04125
105.0,0.0,3.34692,6.46373,5.90738,7.80367,7.97931,7.42651,6.11924,6.85487,7.05914,7.04412,6.91263,6.50582,5.98465,6.95783
106.0,0.0,3.14381,6.27479,5.75502,7.64568,7.85789,7.28909,5.91628,6.73317,6.88166,6.89523,6.75201,6.32678,5.79463,6.75412
107.0,0.0,3.04014,6.13242,5.69872,7.56579,7.72763,7.17857,5.85385,6.64869,6.76,6.84202,6.61159,6.17928,5.64498,6.64032
108.0,0.0,2.97769,6.01726,5.65985,7.49997,7.60077,7.05056,5.83985,6.54406,6.64305,6.74783,6.47705,6.04396,5.50324,6.51735
109.0,0.0,2.78832,5.94912,5.55058,7.38398,7.47693,6.91039,5.7817,6.29398,6.50716,6.62195,6.43089,5.97397,5.46702,6.35777
110.0,0.0,2.6835,5.95152,5.52334,7.34737,7.37828,6.82061,5.89145,6.10076,6.43546,6.51454,6.46227,5.9339,5.46482,6.28996
111.0,0.0,2.77778,6.2534,5.8403,7.56224,7.40322,6.89203,6.34069,6.01402,6.53621,6.5888,6.77816,6.12029,5.74092,6.39814
112.0,0.0,3.02178,6.79515,6.30335,8.01054,7.92036,7.43103,6.90783,6.33616,7.02729,6.83893,7.33455,6.66972,6.31165,6.87031
113.0,0.0,3.31422,7.21888,6.60805,8.30924,8.40182,7.96167,7.31152,6.57717,7.45361,6.99889,7.83847,7.12094,6.78221,7.23309
114.0,0.0,3.3325,7.47668,6.75271,8.52293,8.78411,8.34027,7.49825,6.85618,7.78635,7.0959,8.14336,7.42658,7.07139,7.54343
115.0,0.0,3.56343,7.67858,6.96654,8.73272,9.06715,8.60886,7.62999,7.15408,8.0425,7.39146,8.35153,7.66421,7.28081,7.76884
116.0,0.0,3.84175,7.82296,7.16475,8.87991,9.25085,8.8302,7.74782,7.36154,8.20284,7.65768,8.5763,7.83659,7.47386,7.90682
117.0,0.0,4.11904,8.21041,7.44154,9.18535,9.62763,9.18884,8.03261,7.72218,8.57786,7.97957,8.9477,8.25004,7.89831,8.26476
118.0,0.0,4.38467,8.101,7.568,9.21616,9.53452,9.06424,8.0034,7.88143,8.5531,8.17504,8.71528,8.12002,7.68387,8.26842
119.0,0.0,4.71695,7.9079,7.50002,9.08366,9.36189,8.90386,7.7655,7.8492,8.36348,8.27157,8.556,7.92975,7.50563,8.12997
120.0,0.0,5.11108,8.24739,7.76769,9.42368,9.68117,9.2494,7.99059,8.17586,8.71255,8.59948,8.87309,8.28843,7.8669,8.51301
121.0,0.0,5.66398,8.90723,8.36371,10.0623,10.3358,9.88783,8.54689,8.86602,9.41102,9.20059,9.46192,8.96629,8.5208,9.22832
122.0,0.0,6.41557,9.74932,9.18808,10.9209,11.1868,10.6874,9.33831,9.7685,10.2743,10.0534,10.1717,9.82718,9.34259,10.1105
123.0,0.0,7.21389,10.6648,10.0839,11.9161,12.1895,11.6589,10.2352,10.692,11.2153,10.9719,11.0941,10.7889,10.3049,11.1011
124.0,0.0,7.88184,11.3442,10.6843,12.5745,12.9669,12.4099,10.8686,11.4157,11.8857,11.6535,11.808,11.493,11.0114,11.7606
125.0,0.0,8.42594,12.0301,11.3237,13.2344,13.6907,13.111,11.5768,12.0179,12.5357,12.2366,12.5091,12.2116,11.7473,12.4097
126.0,0.0,8.95572,12.7716,11.9674,13.9159,14.4005,13.8215,12.3162,12.6761,13.2614,12.8372,13.2388,12.9684,12.5249,13.1194
127.0,0.0,9.29387,13.4254,12.2831,14.311,15.1092,14.5322,12.8403,13.1869,13.8829,13.1909,13.9658,13.6797,13.2829,13.6347
128.0,0.0,9.48087,13.8029,12.4311,14.5297,15.4119,14.8278,13.1596,13.3843,14.1203,13.3506,14.3694,14.0021,13.6665,13.7884
129.0,0.0,9.72093,13.9153,12.5762,14.7008,15.613,14.9856,13.2975,13.6026,14.2981,13.5713,14.5237,14.1432,13.7991,13.9794
130.0,0.0,9.96517,14.0316,12.8015,14.8286,15.6453,15.059,13.5279,13.7734,14.4004,13.777,14.701,14.2253,13.9292,14.1098
131.0,0.0,10.1797,14.0292,13.0501,14.935,15.3702,14.8037,13.7451,13.6439,14.2844,13.8693,14.6002,14.0887,13.8115,14.0545
132.0,0.0,10.1341,13.7058,12.8652,14.743,15.0023,14.3945,13.5835,13.3961,13.9475,13.754,14.1472,13.695,13.3612,13.7635
133.0,0.0,10.1548,13.2947,12.7887,14.5327,14.5408,13.9387,13.4202,13.065,13.517,13.6443,13.6866,13.2206,12.8728,13.4125
134.0,0.0,10.2502,13.0046,12.8522,14.4433,14.255,13.6476,13.3893,12.8524,13.2294,13.5971,13.3339,12.8948,12.5182,13.1843
135.0,0.0,10.4769,12.7609,12.9613,14.4505,13.9675,13.3543,13.3452,12.779,13.0411,13.7241,12.9519,12.5863,12.1371,13.0889
136.0,0.0,10.7761,12.9311,13.2861,14.7167,14.1287,13.4993,13.5322,13.0316,13.2452,14.0058,13.023,12.7709,12.2916,13.3757
137.0,0.0,11.1369,13.2436,13.7063,15.0819,14.4967,13.8071,13.875,13.3523,13.5977,14.3899,13.2617,13.1118,12.5816,13.7102
138.0,0.0,11.5423,13.4243,14.0402,15.384,14.6546,13.9144,14.0873,13.6193,13.8491,14.726,13.2484,13.263,12.6418,14.0013
139.0,0.0,11.7083,13.1634,14.1287,15.3274,14.3672,13.6087,13.9218,13.7303,13.6686,14.8976,12.8947,12.967,12.2891,13.9091
140.0,0.0,11.79,13.1759,14.2551,15.4271,14.3821,13.6048,13.9286,13.8551,13.6955,15.0073,12.8672,12.9898,12.301,13.9906
141.0,0.0,11.9805,13.4141,14.3867,15.6614,14.6991,13.9118,14.0602,14.1579,13.9719,15.2586,13.1262,13.2773,12.583,14.2813
142.0,0.0,11.9869,13.632,14.3736,15.6361,14.9355,14.138,14.2336,14.1665,14.095,15.2089,13.374,13.5144,12.8596,14.2814
143.0,0.0,12.1184,13.8226,14.511,15.762,15.0777,14.2367,14.4616,14.3008,14.2415,15.3415,13.474,13.6957,13.0283,14.371
144.0,0.0,12.338,14.1108,14.7095,15.9606,15.2265,14.356,14.6946,14.5076,14.4383,15.582,13.6508,13.9218,13.2484,14.5332
145.0,0.0,12.285,14.1369,14.7119,16.0313,15.246,14.3356,14.807,14.5908,14.5074,15.5412,13.5874,13.9366,13.2164,14.6545
146.0,0.0,11.9568,13.647,14.2788,15.6141,14.8133,13.9123,14.3653,14.2592,14.0595,15.1983,13.162,13.441,12.7182,14.2118
147.0,0.0,11.6452,13.242,13.9214,15.2953,14.4293,13.5487,14.0095,13.9328,13.6978,14.8562,12.7743,13.0359,12.3049,13.9002
148.0,0.0,11.4567,13.0258,13.7168,15.1562,14.2123,13.362,13.7935,13.7978,13.5242,14.6685,12.582,12.8161,12.1011,13.8148
149.0,0.0,11.1662,12.5667,13.361,14.7808,13.8509,13.0297,13.2894,13.4816,13.1136,14.3506,12.2392,12.3751,11.6773,13.4604
150.0,0.0,10.8127,12.4562,12.9892,14.5258,13.7327,12.9352,12.9928,13.2182,12.9653,14.0412,12.1843,12.2862,11.6324,13.2828
151.0,0.0,10.6415,12.6015,12.9489,14.5406,13.8978,13.1524,12.9845,13.2103,13.1052,13.9505,12.4231,12.4781,11.88,13.4174
152.0,0.0,10.7476,12.9834,13.1472,14.814,14.2805,13.5582,13.2188,13.4469,13.4633,14.1378,12.8822,12.8783,12.3235,13.7728
153.0,0.0,11.1177,13.6488,13.6364,15.3851,14.9914,14.2928,13.7369,13.9692,14.1502,14.6057,13.6179,13.6065,13.0717,14.4589
154.0,0.0,11.12,13.6159,13.5179,15.2937,14.9699,14.2991,13.7219,13.9624,14.154,14.5727,13.6255,13.5599,12.9979,14.3745
155.0,0.0,11.0615,13.4817,13.3731,15.0971,14.8045,14.1693,13.6074,13.8232,13.9849,14.4712,13.5725,13.4104,12.8754,14.1652
156.0,0.0,10.9624,13.2176,13.2332,14.8317,14.5565,13.933,13.4214,13.5809,13.6911,14.3285,13.3585,13.1288,12.598,13.8091
157.0,0.0,10.913,13.1867,13.2799,14.8702,14.5839,13.968,13.4159,13.464,13.6587,14.2473,13.405,13.1209,12.6038,13.7961
158.0,0.0,10.7587,13.2393,13.1996,14.8464,14.6532,14.0401,13.4244,13.4366,13.7194,14.1563,13.4739,13.1772,12.6444,13.8165
159.0,0.0,10.7602,13.2157,13.2375,14.8107,14.546,13.9555,13.508,13.3754,13.6724,14.1368,13.4285,13.1105,12.5806,13.7623
160.0,0.0,10.5346,12.9184,12.9612,14.521,14.2258,13.6849,13.2711,13.1292,13.3658,13.8813,13.1589,12.8055,12.2848,13.4459
161.0,0.0,10.1321,12.6318,12.6259,14.1471,13.9867,13.4716,12.9845,12.7755,13.0644,13.474,12.9754,12.5612,12.0718,13.0724
162.0,0.0,9.74409,12.4383,12.3342,13.9061,13.8532,13.3701,12.6907,12.587,12.8664,13.2339,12.9211,12.4027,11.9565,12.8814
163.0,0.0,9.86284,12.395,12.3854,13.8794,13.7572,13.27,12.6488,12.604,12.8095,13.3377,12.8206,12.3224,11.8539,12.8159
164.0,0.0,9.8289,12.4407,12.4106,13.9166,13.7845,13.2732,12.7701,12.6478,12.8601,13.3635,12.8417,12.3565,11.8754,12.8511
165.0,0.0,9.77224,12.3999,12.2836,13.7408,13.775,13.2586,12.7861,12.6279,12.834,13.2459,12.8659,12.3444,11.8812,12.7689
166.0,0.0,9.83184,12.4183,12.2865,13.7105,13.7891,13.2715,12.8369,12.6852,12.8736,13.2239,12.8916,12.3604,11.896,12.8092
167.0,0.0,9.92497,12.4675,12.3367,13.7451,13.8578,13.3146,12.8499,12.8358,12.991,13.3008,12.8785,12.4204,11.9162,12.9481
168.0,0.0,10.1593,12.6728,12.524,13.9514,14.0875,13.5077,12.9421,13.0655,13.2515,13.543,12.9696,12.6394,12.0736,13.2179
169.0,0.0,10.612,13.1375,12.9644,14.4242,14.4827,13.8985,13.2928,13.5041,13.7391,13.998,13.3157,13.1006,12.5108,13.7444
170.0,0.0,10.8939,13.5849,13.2303,14.7738,14.8896,14.3529,13.6447,13.8365,14.1567,14.3022,13.8227,13.5644,13.0282,14.1177
171.0,0.0,11.4073,14.0777,13.7946,15.2798,15.2621,14.7413,14.2415,14.2412,14.5932,14.7875,14.2822,13.991,13.4653,14.5801
172.0,0.0,11.6287,14.2414,13.9979,15.4391,15.4013,14.8805,14.556,14.3817,14.7392,14.8752,14.4308,14.1286,13.599,14.7087
173.0,0.0,11.7921,14.4199,14.2467,15.6793,15.5362,14.9999,14.7739,14.4419,14.8651,15.0537,14.6311,14.28,13.7593,14.8654
174.0,0.0,11.6962,14.371,14.1359,15.6146,15.4984,14.9421,14.6674,14.3945,14.8175,14.9895,14.6004,14.2204,13.6917,14.8061
175.0,0.0,11.5869,14.2776,14.0401,15.5915,15.4423,14.8994,14.5777,14.3642,14.7266,14.9753,14.5481,14.1215,13.5915,14.7285
176.0,0.0,11.8544,14.4368,14.1397,15.7126,15.6063,15.0763,14.6676,14.5425,14.8694,15.186,14.7482,14.2853,13.7782,14.8747
177.0,0.0,12.4017,14.9201,14.6933,16.2566,16.0443,15.4997,15.1338,14.9902,15.3896,15.6708,15.1029,14.7535,14.1897,15.4337
178.0,0.0,13.1156,15.7575,15.4683,17.1021,16.8493,16.2782,15.8758,15.7989,16.2628,16.4409,15.8893,15.6185,15.0422,16.3352
179.0,0.0,13.6423,16.2696,15.9852,17.606,17.26,16.7445,16.4791,16.3425,16.7341,17.0177,16.3921,16.0872,15.5451,16.8136
180.0,0.0,13.9098,16.6481,16.2675,17.9576,17.422,16.8678,16.8715,16.5307,17.0245,17.2989,16.5383,16.3572,15.765,17.0717
181.0,0.0,14.2872,16.939,16.6441,18.2962,17.6333,17.0711,17.2366,16.821,17.2869,17.6594,16.7568,16.6215,16.0228,17.3323
182.0,0.0,14.7116,17.2614,17.1171,18.629,17.7646,17.2523,17.6638,17.1008,17.5592,17.9957,17.027,16.8623,16.2842,17.6364
183.0,0.0,14.4651,16.927,16.8635,18.3272,17.5435,17.0164,17.4393,16.7714,17.1841,17.7245,16.849,16.5603,16.0326,17.2309
184.0,0.0,14.237,16.5412,16.5893,18.0595,17.1786,16.6396,17.1412,16.4263,16.7631,17.4839,16.4629,16.1446,15.6222,16.8907
185.0,0.0,13.8204,16.1579,16.0976,17.5865,16.8548,16.2907,16.6887,15.981,16.3443,16.9147,16.1495,15.787,15.2956,16.4363
186.0,0.0,13.5158,16.0384,15.9066,17.4714,16.7249,16.1427,16.4949,15.7197,16.1735,16.6866,16.0737,15.6616,15.2009,16.2978
187.0,0.0,13.3894,15.8671,15.6955,17.3049,16.5758,15.996,16.2717,15.596,16.0238,16.4991,15.9388,15.4849,15.0185,16.1575
188.0,0.0,12.9773,15.4168,15.2329,16.9235,16.2411,15.6468,15.8,15.263,15.6171,16.0939,15.5658,15.0594,14.5858,15.7447
189.0,0.0,12.6319,15.0642,14.8868,16.5492,15.9664,15.3842,15.4133,14.9137,15.2796,15.7176,15.3172,14.741,14.2983,15.4142
190.0,0.0,12.747,15.3635,15.0625,16.7898,16.319,15.7027,15.5555,15.1914,15.5957,15.9301,15.602,15.0834,14.6344,15.7221
191.0,0.0,13.1813,15.421,15.342,16.939,16.3731,15.7273,15.718,15.3629,15.6684,16.2062,15.5954,15.1052,14.6229,15.8131
192.0,0.0,12.9765,15.1102,15.0563,16.683,16.1624,15.4864,15.4321,15.0982,15.3827,15.9184,15.3008,14.8167,14.3091,15.493
193.0,0.0,12.8434,15.053,14.9461,16.5946,16.1666,15.5212,15.2933,15.0064,15.3226,15.7865,15.3407,14.795,14.3282,15.4355
194.0,0.0,13.083,15.4997,15.254,16.978,16.5641,15.9336,15.64,15.3815,15.7529,16.0706,15.723,15.2472,14.7933,15.91
195.0,0.0,13.5521,15.83,15.8624,17.5835,16.8494,16.1691,16.1072,15.9706,16.2155,16.5995,15.7762,15.5458,14.9686,16.526
196.0,0.0,13.9928,15.8323,16.0183,17.6583,16.8776,16.1856,16.0593,16.2648,16.2718,16.9117,15.7659,15.5707,14.9779,16.6036
197.0,0.0,14.3785,16.0843,16.2354,17.9328,17.1276,16.4713,16.1518,16.641,16.585,17.253,15.9855,15.8477,15.2487,16.9965
198.0,0.0,14.8228,16.6217,16.7255,18.5201,17.6308,16.9685,16.6315,17.1746,17.1609,17.7625,16.4408,16.3789,15.7621,17.6384
199.0,0.0,15.0958,16.5399,16.8542,18.5718,17.616,16.9478,16.6598,17.3423,17.16,17.9864,16.3142,16.2938,15.6259,17.6664
200.0,0.0,15.0386,16.1943,16.5918,18.2501,17.3217,16.6887,16.4186,17.0239,16.7791,17.7536,16.0439,15.9463,15.3049,17.2623
201.0,0.0,15.0022,16.1712,16.5118,18.2202,17.2968,16.7114,16.2335,16.9974,16.7507,17.6857,16.0774,15.928,15.3139,17.2666
202.0,0.0,15.1974,16.5383,16.7532,18.5277,17.6009,17.0536,16.5191,17.3263,17.112,17.9124,16.431,16.2775,15.6836,17.6727
203.0,0.0,15.6594,17.0587,17.2693,19.0888,18.0958,17.5259,17.0014,17.9001,17.6825,18.4141,16.8186,16.7932,16.1559,18.335
204.0,0.0,16.1549,17.1319,17.6803,19.4034,18.13,17.5304,17.2261,18.3126,17.8439,18.8485,16.7262,16.8178,16.099,18.626
205.0,0.0,16.3881,16.8501,17.698,19.2772,17.7891,17.1954,17.1007,18.2581,17.5758,18.9017,16.409,16.4927,15.7678,18.4458
206.0,0.0,16.3719,16.506,17.5475,19.0501,17.4191,16.8327,16.8805,17.9982,17.2229,18.7419,16.0986,16.125,15.4074,18.1611
207.0,0.0,16.2893,16.2797,17.5132,18.9534,17.1132,16.5747,16.806,17.7879,16.9691,18.6281,15.9596,15.8396,15.1715,17.9991
208.0,0.0,16.3505,16.5456,17.6744,19.1608,17.4042,16.8687,17.0338,17.9558,17.1937,18.7722,16.2974,16.1334,15.5015,18.2108
209.0,0.0,16.5511,17.099,18.0837,19.6298,18.09,17.5426,17.4696,18.3661,17.7544,19.1406,16.9505,16.7731,16.1664,18.727
210.0,0.0,17.0159,17.8677,18.6688,20.3487,18.7099,18.1896,18.084,19.0183,18.4929,19.7835,17.7277,17.5097,16.9491,19.4732
211.0,0.0,17.2754,18.092,19.0657,20.6832,18.855,18.329,18.5542,19.203,18.6856,20.0883,17.7986,17.6603,17.0546,19.6501
212.0,0.0,17.2921,18.3668,19.2902,20.9076,19.1188,18.6175,18.7779,19.4269,18.9477,20.2561,18.0877,17.9394,17.3611,19.9189
213.0,0.0,17.3337,18.8533,19.5283,21.2454,19.533,19.0767,19.1503,19.7523,19.3787,20.4961,18.6163,18.4246,17.8933,20.3297
214.0,0.0,17.4399,19.4064,19.8435,21.7143,19.9793,19.5216,19.6377,20.2293,19.9309,20.8357,19.0278,18.9302,18.365,20.8785
215.0,0.0,17.755,19.8805,20.2034,22.1369,20.5328,20.0478,20.0537,20.7423,20.4481,21.2553,19.5081,19.463,18.8815,21.3556
216.0,0.0,18.0299,20.3663,20.5223,22.5378,21.1029,20.6332,20.4139,21.2065,20.9824,21.5859,20.0354,20.0071,19.4263,21.8503
217.0,0.0,18.2395,20.9278,20.7858,22.9023,21.7438,21.2986,20.7801,21.6325,21.5638,21.882,20.7227,20.6581,20.1302,22.3712
218.0,0.0,18.4916,21.1506,21.089,23.2132,21.7614,21.2648,21.1721,21.8858,21.7851,22.1962,20.6655,20.7684,20.1495,22.6248
219.0,0.0,18.1527,20.4812,20.6198,22.6703,21.0007,20.4957,20.7017,21.3874,21.105,21.8082,19.8676,19.987,19.3104,21.94
220.0,0.0,17.45,19.7502,19.8538,21.8881,20.3256,19.8158,19.9372,20.5986,20.3393,21.0563,19.2303,19.2719,18.6252,21.0992
221.0,0.0,16.9209,19.2932,19.3394,21.3856,19.8615,19.3612,19.4325,20.0194,19.8494,20.4901,18.8286,18.8062,18.1955,20.6143
222.0,0.0,16.6177,19.1575,19.0651,21.1093,19.7421,19.29,19.2184,19.7482,19.6821,20.1861,18.7855,18.6974,18.1363,20.3921
223.0,0.0,16.5751,18.9978,19.1552,21.0702,19.6699,19.2341,19.1724,19.7399,19.5935,20.181,18.6254,18.5577,17.9696,20.339
224.0,0.0,16.7066,19.1548,19.3308,21.1778,20.0107,19.5435,19.2819,19.9687,19.8279,20.3582,18.8827,18.8288,18.2509,20.5588
225.0,0.0,16.9454,19.6826,19.7252,21.594,20.527,20.0528,19.7431,20.4375,20.3921,20.755,19.4135,19.3962,18.8359,21.099
226.0,0.0,17.1008,19.907,19.8653,21.6364,20.8952,20.3733,19.9916,20.4947,20.5698,20.8552,19.7732,19.6922,19.1692,21.0562
227.0,0.0,16.9326,19.7794,19.6818,21.3932,20.8733,20.3345,19.8699,20.3455,20.4702,20.6102,19.7999,19.6371,19.1509,20.8361
228.0,0.0,16.7369,19.7488,19.5959,21.3585,20.8425,20.2991,19.8609,20.1995,20.3919,20.4974,19.8532,19.5925,19.1318,20.7339
229.0,0.0,16.6758,19.3603,19.4254,21.0293,20.5453,20.0025,19.6759,19.9142,20.0295,20.2734,19.5338,19.2162,18.748,20.3395
230.0,0.0,16.0817,18.7765,18.7665,20.3984,20.0114,19.4585,19.0737,19.2804,19.4107,19.6809,18.9971,18.6457,18.1762,19.6594
231.0,0.0,15.6833,18.2,18.3971,19.9941,19.3689,18.8114,18.5894,18.7399,18.8329,19.2753,18.3329,18.0335,17.5373,19.1606
232.0,0.0,15.687,17.9697,18.3542,19.8993,19.0461,18.4746,18.3701,18.623,18.6266,19.2795,18.0176,17.7745,17.2461,19.0552
233.0,0.0,15.8953,17.7628,18.3663,19.7705,18.8047,18.2387,18.2166,18.4773,18.416,19.2857,17.7509,17.5363,16.9752,18.8566
234.0,0.0,15.6009,17.247,17.919,19.336,18.3992,17.8124,17.662,18.0586,17.922,18.871,17.2957,17.0422,16.4775,18.3611
235.0,0.0,15.2271,16.9806,17.4169,18.8954,18.1855,17.5862,17.2111,17.7007,17.6867,18.4259,17.133,16.83,16.2834,18.0486
236.0,0.0,15.2094,17.0258,17.3112,18.8405,18.2771,17.6915,17.0116,17.7409,17.7831,18.3498,17.2105,16.9116,16.3637,18.1007
237.0,0.0,15.5162,17.3348,17.6537,19.1312,18.6285,18.0486,17.2548,18.1449,18.1478,18.696,17.5046,17.2788,16.729,18.4738
238.0,0.0,15.6549,17.6528,17.884,19.2899,18.929,18.3549,17.6399,18.3078,18.386,18.7984,17.8181,17.6164,17.0968,18.6228
239.0,0.0,15.5807,17.8586,17.9629,19.3901,19.072,18.452,17.8268,18.4303,18.556,18.8466,17.881,17.7881,17.2231,18.715
240.0,0.0,15.6226,18.139,18.1757,19.6477,19.2889,18.6757,18.1506,18.6087,18.7669,18.9918,18.1682,18.0423,17.5135,18.9264
241.0,0.0,15.752,18.4412,18.4221,19.9199,19.5601,18.9566,18.4994,18.8456,19.0338,19.2039,18.4789,18.3263,17.8158,19.1656
242.0,0.0,15.8952,18.815,18.5506,20.1638,19.9021,19.3485,18.7534,19.1793,19.398,19.4379,18.8968,18.7106,18.2386,19.5226
243.0,0.0,16.012,18.8986,18.6687,20.2363,19.7444,19.2044,18.8609,19.0282,19.3767,19.5088,18.8906,18.6953,18.2387,19.4952
244.0,0.0,15.4556,18.2829,18.0979,19.5583,18.9856,18.4813,18.4486,18.1905,18.6276,18.7752,18.2414,17.9816,17.5505,18.6866
245.0,0.0,14.8943,17.5851,17.4493,18.8806,18.481,17.9987,17.777,17.6274,17.9835,18.1532,17.6824,17.3677,16.9535,18.0224
246.0,0.0,14.553,17.2271,17.1135,18.557,18.1569,17.7119,17.4049,17.3196,17.6407,17.8192,17.4047,17.0191,16.6279,17.7072
247.0,0.0,14.2418,16.9454,16.7667,18.2419,17.9705,17.5732,17.0633,17.2207,17.414,17.5886,17.1932,16.7789,16.3975,17.4597
248.0,0.0,14.1545,16.5222,16.5842,17.8762,17.5126,17.1689,16.7813,16.9167,16.9875,17.4187,16.8173,16.3335,15.9711,17.0303
249.0,0.0,13.8227,15.9565,16.0438,17.3379,17.0387,16.6849,16.2092,16.4706,16.4754,17.0131,16.2811,15.7873,15.3971,16.5149
250.0,0.0,13.5759,15.5611,15.7781,16.9842,16.6968,16.3196,15.8642,16.0795,16.0808,16.7042,15.875,15.4048,14.9991,16.0951
251.0,0.0,13.0198,14.9784,15.1799,16.3669,16.1572,15.7944,15.2712,15.4855,15.5181,16.1088,15.3657,14.8374,14.4429,15.4825
252.0,0.0,12.587,14.6972,14.7421,16.1038,15.8582,15.4751,14.893,15.2082,15.2492,15.7789,15.037,14.5362,14.1177,15.2305
253.0,0.0,12.2923,14.3958,14.3522,15.7434,15.5254,15.1468,14.5606,14.8381,14.9413,15.3991,14.7105,14.2123,13.7789,14.8784
254.0,0.0,12.0501,13.9599,13.9378,15.3282,15.1513,14.7925,14.0747,14.4725,14.5447,15.0307,14.3403,13.8183,13.3899,14.481
255.0,0.0,11.7398,13.7119,13.5195,14.9208,14.9205,14.5585,13.7896,14.1856,14.2602,14.6791,14.1617,13.5951,13.1993,14.0851
256.0,0.0,11.5224,13.57,13.3273,14.6963,14.7045,14.392,13.6067,13.9902,14.0706,14.4698,14.0822,13.4314,13.0861,13.8985
257.0,0.0,11.4244,13.4131,13.1919,14.6197,14.5465,14.2327,13.4313,13.9944,14.0022,14.4161,13.8365,13.2731,12.8715,13.8789
258.0,0.0,11.5613,13.339,13.2538,14.6524,14.395,14.0936,13.3237,14.1125,14.0008,14.5201,13.6192,13.1889,12.7372,13.9341
259.0,0.0,11.6456,13.0742,13.1799,14.4609,14.1368,13.817,13.1131,14.0027,13.7313,14.5343,13.3485,12.9137,12.4503,13.6352
260.0,0.0,11.574,12.7653,12.8929,14.1503,13.7952,13.5239,12.7796,13.7178,13.4184,14.3002,13.0539,12.6025,12.1619,13.3173
261.0,0.0,11.5519,12.5228,12.8321,14.0218,13.4582,13.2055,12.6579,13.4027,13.1297,14.1734,12.8054,12.3251,11.9062,13.1111
262.0,0.0,11.3737,12.4091,12.6679,13.9769,13.3392,13.0707,12.5311,13.3207,13.0415,14.1141,12.6336,12.1889,11.7221,13.0619
263.0,0.0,11.4916,12.494,13.0327,14.274,13.3685,13.0793,12.8546,13.4542,13.1788,14.3211,12.5777,12.2302,11.6867,13.296
264.0,0.0,11.4978,12.1681,12.9301,14.0317,13.0908,12.7708,12.6259,13.1614,12.8641,14.2208,12.2574,11.9056,11.3359,12.9586
265.0,0.0,11.4453,11.7944,12.6988,13.7457,12.7768,12.4538,12.2221,12.9724,12.5193,14.0906,11.8929,11.5329,10.9536,12.6382
266.0,0.0,11.5834,11.5736,12.7146,13.6363,12.6332,12.2762,12.0385,12.9757,12.4039,14.1781,11.6631,11.3695,10.7569,12.5493
267.0,0.0,11.6025,11.5927,12.7166,13.625,12.6745,12.281,12.0765,12.9958,12.4441,14.146,11.6552,11.4155,10.7811,12.5568
268.0,0.0,11.2092,11.3834,12.361,13.3528,12.5198,12.1013,11.8229,12.7098,12.2179,13.7999,11.4983,11.2187,10.587,12.2915
269.0,0.0,10.8078,11.155,12.1419,13.2096,12.3039,11.895,11.6434,12.5318,12.0217,13.554,11.2913,10.9867,10.3647,12.1427
270.0,0.0,10.5449,10.9483,11.8536,12.9311,12.1009,11.7079,11.3924,12.1869,11.8147,13.1703,11.1098,10.7969,10.1897,11.9068
271.0,0.0,10.3199,10.6775,11.5138,12.5634,11.8533,11.4589,11.1019,11.7817,11.5013,12.7812,10.8855,10.5363,9.95043,11.5225
272.0,0.0,10.1202,10.6038,11.2622,12.3026,11.8361,11.4493,10.8965,11.5476,11.3763,12.4994,10.8788,10.5003,9.95001,11.3234
273.0,0.0,10.3132,10.826,11.4179,12.3928,12.0008,11.6336,11.041,11.6671,11.5715,12.6475,11.1259,10.7356,10.2202,11.5317
274.0,0.0,10.628,11.3615,11.9227,12.9639,12.4394,12.1205,11.6051,12.2162,12.0899,13.1194,11.6915,11.2595,10.7877,12.1411
275.0,0.0,10.9455,11.4723,12.1844,13.0969,12.5587,12.2256,11.8067,12.4369,12.1822,13.3949,11.7561,11.3611,10.8784,12.2177
276.0,0.0,11.1523,11.4972,12.2211,13.1629,12.6759,12.3173,11.7169,12.6115,12.2798,13.5481,11.7992,11.4548,10.9566,12.3216
277.0,0.0,11.3716,11.7743,12.5053,13.402,13.1961,12.7912,11.773,12.9906,12.6732,13.8838,12.2337,11.8879,11.3929,12.7022
278.0,0.0,11.0735,11.5325,12.1037,13.0757,13.0953,12.6784,11.5035,12.7836,12.4616,13.5573,12.1059,11.7033,11.2193,12.4278
279.0,0.0,10.6595,11.4053,11.7561,12.9022,13.0283,12.5954,11.299,12.4907,12.3256,13.1677,12.0183,11.6076,11.125,12.2868
280.0,0.0,10.6243,11.7577,11.9844,13.1677,13.4414,12.9749,11.5656,12.6877,12.6369,13.2857,12.443,11.9944,11.5247,12.5682
281.0,0.0,10.5431,11.6086,12.0114,13.1195,13.2567,12.7744,11.6274,12.626,12.4923,13.2404,12.2189,11.7955,11.287,12.4349
282.0,0.0,9.99926,11.0882,11.3544,12.4527,12.7328,12.2526,11.0815,11.9804,11.9032,12.6132,11.7445,11.2696,10.7887,11.7592
283.0,0.0,9.5938,10.6552,10.8172,11.8778,12.4141,11.9585,10.5269,11.4414,11.4663,12.0776,11.4922,10.9222,10.5037,11.2194
284.0,0.0,9.47194,10.439,10.5221,11.4782,12.4013,11.9546,10.1638,11.0939,11.2533,11.7537,11.5149,10.8477,10.4944,10.8615
285.0,0.0,9.58071,10.308,10.4502,11.2397,12.3899,11.9668,10.0065,11.0172,11.1889,11.7064,11.4981,10.8327,10.5175,10.7392
286.0,0.0,9.96079,10.6491,10.7829,11.4539,12.6948,12.3037,10.2823,11.3709,11.5671,11.9648,11.8088,11.2564,10.982,11.1306
287.0,0.0,10.4157,11.0485,11.2242,11.7602,13.2354,12.855,10.6224,11.9452,12.0672,12.4637,12.2398,11.7849,11.5175,11.6033
288.0,0.0,10.742,11.5366,11.6295,12.1811,13.8051,13.4131,11.016,12.5284,12.618,12.9431,12.7278,12.356,12.0859,12.1412
289.0,0.0,11.1381,12.0538,12.0245,12.6193,14.4233,14.0331,11.3985,13.0336,13.1883,13.3285,13.3293,12.9507,12.7123,12.7413
290.0,0.0,11.3376,12.4404,12.3445,13.013,14.6569,14.2351,11.7229,13.2863,13.5125,13.6213,13.6412,13.2711,13.0287,13.0805
291.0,0.0,11.4722,12.6185,12.4383,13.1648,14.7068,14.2869,11.8461,13.5422,13.675,13.8568,13.7249,13.3846,13.1214,13.2772
292.0,0.0,11.3621,12.6247,12.463,13.2013,14.706,14.2861,11.8343,13.5078,13.6526,13.8554,13.73,13.3601,13.0915,13.2237
293.0,0.0,11.1692,12.5616,12.3199,13.1252,14.6941,14.2746,11.7368,13.4513,13.5987,13.7326,13.6649,13.3185,13.0476,13.1796
294.0,0.0,10.9184,12.4395,12.1537,13.0558,14.5598,14.1254,11.6466,13.3352,13.484,13.5556,13.4545,13.1737,12.871,13.0879
295.0,0.0,10.6844,11.7873,11.5828,12.6068,14.013,13.5472,11.0332,12.9536,12.9189,13.1808,12.77,12.4999,12.1287,12.5952
296.0,0.0,10.2034,11.0383,10.7998,11.9235,13.3478,12.8428,10.2949,12.2668,12.206,12.5093,12.0214,11.7651,11.3631,11.8896
297.0,0.0,9.69,10.4326,10.067,11.1064,12.8024,12.2937,9.66073,11.5966,11.5811,11.7536,11.4845,11.2267,10.8656,11.1075
298.0,0.0,9.42497,9.98027,9.73295,10.6695,12.5547,12.0259,9.05745,11.378,11.278,11.4894,11.0712,10.9325,10.5649,10.8197
299.0,0.0,9.07113,9.90176,9.54526,10.5542,12.4248,11.9253,8.80116,11.108,11.1592,11.2088,11.0288,10.8705,10.5408,10.7118
300.0,0.0,8.74254,9.79237,9.37877,10.4538,12.242,11.765,8.5536,10.7602,10.9558,10.8754,10.9633,10.7031,10.4091,10.5045
